Workbook

Sheet Read Me
A1: Mountain West Handicapping Tracker
A2: 2026 Season
A4: How this workbook is meant to be used
A5: This workbook is the review/tracking cockpit -- the model itself runs in Python (see the
A6: attack plan and the src/ scripts). Each week, paste that week's model output into the blue
A7: cells on the Weekly Slate tab; everything else on that tab recalculates automatically.
A9: Color legend
A10: Blue text = cells you fill in by hand (model output, market lines, bet results)
A11: Black text = formulas -- don't type over these, they recalculate from the blue cells
A12: Yellow fill = key assumptions on the Settings tab (edit these once, not weekly)
A14: Tabs
A15: Settings = bankroll, edge thresholds, and other assumptions used across the workbook
... A22: paper-trading and bankroll discipline before staking real money.

Sheet Settings
A1: Settings & Assumptions
A3: Assumption | B3: Value | C3: Notes
A4: Starting bankroll (units) | B4: 50 | C4: Example: 100 units. 1 unit = whatever flat stake you choose in real currency.
A5: Spread edge threshold (pts) | B5: 2 | C5: Minimum |model line - market line| before a spread is flagged as a lean.
A6: Total edge threshold (pts) | B6: 2 | C6: Minimum |model total - market total| before a total is flagged as a lean.
A7: Standard vig odds (American) | B7: -110 | C7: Reference only -- breakeven win rate at -110 is 52.4%.

Sheet Weekly Slate
A1: Week | B1: Date | C1: Away Team | D1: Home Team | E1: Model Line (Home) | F1: Market Line (Home) | G1: Spread Edge (pts) | H1: Spread Lean | I1: Model Total | J1: Market Total | K1: Total Edge (pts) | L1: Total Lean | M1: Suggested Bet (Spread) | N1: Suggested Bet (Total) | O1: Qualitative Notes | P1: Final Decision | R1: MW WEST Teams
A2: 9 | B2: 2026-10-31 | C2: UConn | D2: Air Force | E2: -5.2 | F2: -3 | G2: =F2-E2 | H2: =IF(G2=0,"Pick'em",IF(G2>0,"Home","Away")) | I2: 53.2 | J2: 53.5 | K2: =I2-J2 | L2: =IF(K2=0,"Push",IF(K2>0,"Over","Under")) | M2: =IF(ABS(G2)>=Settings!$B$5,H2,IF(F2=0,"Pick'em",IF(F2<0,"Home (auto)","Away (auto)"))) | N2: =IF(ABS(K2)>=Settings!$B$6,L2,IF(K2=0,"Push",L2&" (auto)"))
A3: 9 | B3: 2026-10-31 | C3: UTEP | D3: North Dakota State | E3: -36 | F3: -26.5 | G3: =F3-E3 | H3: =IF(G3=0,"Pick'em",IF(G3>0,"Home","Away")) | I3: 43.3 | J3: 44.5 | K3: =I3-J3 | L3: =IF(K3=0,"Push",IF(K3>0,"Over","Under")) | M3: =IF(ABS(G3)>=Settings!$B$5,H3,IF(F3=0,"Pick'em",IF(F3<0,"Home (auto)","Away (auto)"))) | N3: =IF(ABS(K3)>=Settings!$B$6,L3,IF(K3=0,"Push",L3&" (auto)"))
A4: 9 | B4: 2026-10-31 | C4: New Mexico | D4: San José State | E4: 14.9 | F4: 14.5 | G4: =F4-E4 | H4: =IF(G4=0,"Pick'em",IF(G4>0,"Home","Away")) | I4: 45.6 | J4: 41.5 | K4: =I4-J4 | L4: =IF(K4=0,"Push",IF(K4>0,"Over","Under")) | M4: =IF(ABS(G4)>=Settings!$B$5,H4,IF(F4=0,"Pick'em",IF(F4<0,"Home (auto)","Away (auto)"))) | N4: =IF(ABS(K4)>=Settings!$B$6,L4,IF(K4=0,"Push",L4&" (auto)"))
A5: 9 | B5: 2026-10-31 | C5: Nevada | D5: UCLA | E5: -21.2 | F5: -22.5 | G5: =F5-E5 | H5: =IF(G5=0,"Pick'em",IF(G5>0,"Home","Away")) | I5: 43.5 | J5: 44.5 | K5: =I5-J5 | L5: =IF(K5=0,"Push",IF(K5>0,"Over","Under")) | M5: =IF(ABS(G5)>=Settings!$B$5,H5,IF(F5=0,"Pick'em",IF(F5<0,"Home (auto)","Away (auto)"))) | N5: =IF(ABS(K5)>=Settings!$B$6,L5,IF(K5=0,"Push",L5&" (auto)")) | R5: Air Force
A6: 9 | B6: 2026-11-01 | C6: Northern Illinois | D6: UNLV | E6: -27.9 | F6: -24.5 | G6: =F6-E6 | H6: =IF(G6=0,"Pick'em",IF(G6>0,"Home","Away")) | I6: 44.4 | J6: 52.5 | K6: =I6-J6 | L6: =IF(K6=0,"Push",IF(K6>0,"Over","Under")) | M6: =IF(ABS(G6)>=Settings!$B$5,H6,IF(F6=0,"Pick'em",IF(F6<0,"Home (auto)","Away (auto)"))) | N6: =IF(ABS(K6)>=Settings!$B$6,L6,IF(K6=0,"Push",L6&" (auto)")) | R6: Hawai'i
A7: 8 | B7: 2026-10-24 | C7: San José State | D7: Nevada | E7: -7.6 | F7: -6.8 | G7: =F7-E7 | H7: =IF(G7=0,"Pick'em",IF(G7>0,"Home","Away")) | I7: 46.8 | J7: 46.5 | K7: =I7-J7 | L7: =IF(K7=0,"Push",IF(K7>0,"Over","Under")) | M7: =IF(ABS(G7)>=Settings!$B$5,H7,IF(F7=0,"Pick'em",IF(F7<0,"Home (auto)","Away (auto)"))) | N7: =IF(ABS(K7)>=Settings!$B$6,L7,IF(K7=0,"Push",L7&" (auto)")) | R7: Nevada
A8: 8 | B8: 2026-10-24 | C8: Hawai'i | D8: Northern Illinois | E8: 6.1 | F8: 4 | G8: =F8-E8 | H8: =IF(G8=0,"Pick'em",IF(G8>0,"Home","Away")) | I8: 43.8 | J8: 47.5 | K8: =I8-J8 | L8: =IF(K8=0,"Push",IF(K8>0,"Over","Under")) | M8: =IF(ABS(G8)>=Settings!$B$5,H8,IF(F8=0,"Pick'em",IF(F8<0,"Home (auto)","Away (auto)"))) | N8: =IF(ABS(K8)>=Settings!$B$6,L8,IF(K8=0,"Push",L8&" (auto)")) | R8: New Mexico
A9: 8 | B9: 2026-10-24 | C9: Air Force | D9: Wyoming | E9: 7.4 | F9: 5.5 | G9: =F9-E9 | H9: =IF(G9=0,"Pick'em",IF(G9>0,"Home","Away")) | I9: 47.7 | J9: 46.5 | K9: =I9-J9 | L9: =IF(K9=0,"Push",IF(K9>0,"Over","Under")) | M9: =IF(ABS(G9)>=Settings!$B$5,H9,IF(F9=0,"Pick'em",IF(F9<0,"Home (auto)","Away (auto)"))) | N9: =IF(ABS(K9)>=Settings!$B$6,L9,IF(K9=0,"Push",L9&" (auto)")) | R9: North Dakota State
A10: 8 | B10: 2026-10-25 | C10: North Dakota State | D10: New Mexico | E10: -2.4 | F10: -4.5 | G10: =F10-E10 | H10: =IF(G10=0,"Pick'em",IF(G10>0,"Home","Away")) | I10: 42.5 | J10: 40.5 | K10: =I10-J10 | L10: =IF(K10=0,"Push",IF(K10>0,"Over","Under")) | M10: =IF(ABS(G10)>=Settings!$B$5,H10,IF(F10=0,"Pick'em",IF(F10<0,"Home (auto)","Away (auto)"))) | N10: =IF(ABS(K10)>=Settings!$B$6,L10,IF(K10=0,"Push",L10&" (auto)")) | R10: Northern Illinois
A11: 7 | B11: 2026-10-17 | C11: UNLV | D11: Air Force | E11: 0.2 | F11: 1.2 | G11: =F11-E11 | H11: =IF(G11=0,"Pick'em",IF(G11>0,"Home","Away")) | I11: 47.2 | J11: 48.5 | K11: =I11-J11 | L11: =IF(K11=0,"Push",IF(K11>0,"Over","Under")) | M11: =IF(ABS(G11)>=Settings!$B$5,H11,IF(F11=0,"Pick'em",IF(F11<0,"Home (auto)","Away (auto)"))) | N11: =IF(ABS(K11)>=Settings!$B$6,L11,IF(K11=0,"Push",L11&" (auto)")) | R11: San José State
A12: 7 | B12: 2026-10-17 | C12: Nevada | D12: North Dakota State | E12: -24.6 | F12: -14.8 | G12: =F12-E12 | H12: =IF(G12=0,"Pick'em",IF(G12>0,"Home","Away")) | I12: 45.1 | J12: 42.5 | K12: =I12-J12 | L12: =IF(K12=0,"Push",IF(K12>0,"Over","Under")) | M12: =IF(ABS(G12)>=Settings!$B$5,H12,IF(F12=0,"Pick'em",IF(F12<0,"Home (auto)","Away (auto)"))) | N12: =IF(ABS(K12)>=Settings!$B$6,L12,IF(K12=0,"Push",L12&" (auto)")) | R12: UNLV
A13: 7 | B13: 2026-10-17 | C13: Northern Illinois | D13: Wyoming | E13: -11.2 | F13: -7.8 | G13: =F13-E13 | H13: =IF(G13=0,"Pick'em",IF(G13>0,"Home","Away")) | I13: 40.3 | J13: 40.5 | K13: =I13-J13 | L13: =IF(K13=0,"Push",IF(K13>0,"Over","Under")) | M13: =IF(ABS(G13)>=Settings!$B$5,H13,IF(F13=0,"Pick'em",IF(F13<0,"Home (auto)","Away (auto)"))) | N13: =IF(ABS(K13)>=Settings!$B$6,L13,IF(K13=0,"Push",L13&" (auto)"))
A14: 7 | B14: 2026-10-18 | C14: New Mexico | D14: Hawai'i | E14: 18.5 | F14: 15.5 | G14: =F14-E14 | H14: =IF(G14=0,"Pick'em",IF(G14>0,"Home","Away")) | I14: 45.4 | J14: 44.5 | K14: =I14-J14 | L14: =IF(K14=0,"Push",IF(K14>0,"Over","Under")) | M14: =IF(ABS(G14)>=Settings!$B$5,H14,IF(F14=0,"Pick'em",IF(F14<0,"Home (auto)","Away (auto)"))) | N14: =IF(ABS(K14)>=Settings!$B$6,L14,IF(K14=0,"Push",L14&" (auto)"))
A15: 7 | B15: 2026-10-18 | C15: San José State | D15: UTEP | E15: 8.8 | F15: 7.2 | G15: =F15-E15 | H15: =IF(G15=0,"Pick'em",IF(G15>0,"Home","Away")) | I15: 46.5 | J15: 46.8 | K15: =I15-J15 | L15: =IF(K15=0,"Push",IF(K15>0,"Over","Under")) | M15: =IF(ABS(G15)>=Settings!$B$5,H15,IF(F15=0,"Pick'em",IF(F15<0,"Home (auto)","Away (auto)"))) | N15: =IF(ABS(K15)>=Settings!$B$6,L15,IF(K15=0,"Push",L15&" (auto)"))
A16: 6 | B16: 2026-10-10 | C16: Air Force | D16: Northern Illinois | E16: 14.9 | F16: 7.5 | G16: =F16-E16 | H16: =IF(G16=0,"Pick'em",IF(G16>0,"Home","Away")) | I16: 41.2 | J16: 46.8 | K16: =I16-J16 | L16: =IF(K16=0,"Push",IF(K16>0,"Over","Under")) | M16: =IF(ABS(G16)>=Settings!$B$5,H16,IF(F16=0,"Pick'em",IF(F16<0,"Home (auto)","Away (auto)"))) | N16: =IF(ABS(K16)>=Settings!$B$6,L16,IF(K16=0,"Push",L16&" (auto)"))
A17: 6 | B17: 2026-10-10 | C17: Wyoming | D17: San José State | E17: -4.4 | F17: -4.5 | G17: =F17-E17 | H17: =IF(G17=0,"Pick'em",IF(G17>0,"Home","Away")) | I17: 45.6 | J17: 42.5 | K17: =I17-J17 | L17: =IF(K17=0,"Push",IF(K17>0,"Over","Under")) | M17: =IF(ABS(G17)>=Settings!$B$5,H17,IF(F17=0,"Pick'em",IF(F17<0,"Home (auto)","Away (auto)"))) | N17: =IF(ABS(K17)>=Settings!$B$6,L17,IF(K17=0,"Push",L17&" (auto)"))
A18: 6 | B18: 2026-10-10 | C18: North Dakota State | D18: UNLV | E18: 11.7 | F18: 3 | G18: =F18-E18 | H18: =IF(G18=0,"Pick'em",IF(G18>0,"Home","Away")) | I18: 43.9 | J18: 47.5 | K18: =I18-J18 | L18: =IF(K18=0,"Push",IF(K18>0,"Over","Under")) | M18: =IF(ABS(G18)>=Settings!$B$5,H18,IF(F18=0,"Pick'em",IF(F18<0,"Home (auto)","Away (auto)"))) | N18: =IF(ABS(K18)>=Settings!$B$6,L18,IF(K18=0,"Push",L18&" (auto)"))
A19: 6 | B19: 2026-10-10 | C19: Nevada | D19: UTEP | E19: 9.8 | F19: 9.8 | G19: =F19-E19 | H19: =IF(G19=0,"Pick'em",IF(G19>0,"Home","Away")) | I19: 45 | J19: 49.5 | K19: =I19-J19 | L19: =IF(K19=0,"Push",IF(K19>0,"Over","Under")) | M19: =IF(ABS(G19)>=Settings!$B$5,H19,IF(F19=0,"Pick'em",IF(F19<0,"Home (auto)","Away (auto)"))) | N19: =IF(ABS(K19)>=Settings!$B$6,L19,IF(K19=0,"Push",L19&" (auto)"))
A20: 6 | B20: 2026-10-11 | C20: Hawai'i | D20: Arizona State | E20: -14.4 | F20: -20.8 | G20: =F20-E20 | H20: =IF(G20=0,"Pick'em",IF(G20>0,"Home","Away")) | I20: 47.8 | J20: 50.5 | K20: =I20-J20 | L20: =IF(K20=0,"Push",IF(K20>0,"Over","Under")) | M20: =IF(ABS(G20)>=Settings!$B$5,H20,IF(F20=0,"Pick'em",IF(F20<0,"Home (auto)","Away (auto)"))) | N20: =IF(ABS(K20)>=Settings!$B$6,L20,IF(K20=0,"Push",L20&" (auto)"))
A21: 5 | B21: 2026-10-03 | C21: Navy | D21: Air Force | E21: 5 | F21: -2.8 | G21: =F21-E21 | H21: =IF(G21=0,"Pick'em",IF(G21>0,"Home","Away")) | I21: 55.1 | J21: 45.2 | K21: =I21-J21 | L21: =IF(K21=0,"Push",IF(K21>0,"Over","Under")) | M21: =IF(ABS(G21)>=Settings!$B$5,H21,IF(F21=0,"Pick'em",IF(F21<0,"Home (auto)","Away (auto)"))) | N21: =IF(ABS(K21)>=Settings!$B$6,L21,IF(K21=0,"Push",L21&" (auto)"))
A22: 5 | B22: 2026-10-03 | C22: UTEP | D22: New Mexico | E22: -32.3 | F22: -23.2 | G22: =F22-E22 | H22: =IF(G22=0,"Pick'em",IF(G22>0,"Home","Away")) | I22: 43.7 | J22: 47.8 | K22: =I22-J22 | L22: =IF(K22=0,"Push",IF(K22>0,"Over","Under")) | M22: =IF(ABS(G22)>=Settings!$B$5,H22,IF(F22=0,"Pick'em",IF(F22<0,"Home (auto)","Away (auto)"))) | N22: =IF(ABS(K22)>=Settings!$B$6,L22,IF(K22=0,"Push",L22&" (auto)"))
A23: 5 | B23: 2026-10-03 | C23: Wyoming | D23: North Dakota State | E23: -30.4 | F23: -17.2 | G23: =F23-E23 | H23: =IF(G23=0,"Pick'em",IF(G23>0,"Home","Away")) | I23: 46.7 | J23: 44.5 | K23: =I23-J23 | L23: =IF(K23=0,"Push",IF(K23>0,"Over","Under")) | M23: =IF(ABS(G23)>=Settings!$B$5,H23,IF(F23=0,"Pick'em",IF(F23<0,"Home (auto)","Away (auto)"))) | N23: =IF(ABS(K23)>=Settings!$B$6,L23,IF(K23=0,"Push",L23&" (auto)"))
A24: 5 | B24: 2026-10-03 | C24: California | D24: UNLV | E24: -5.9 | F24: -1.8 | G24: =F24-E24 | H24: =IF(G24=0,"Pick'em",IF(G24>0,"Home","Away")) | I24: 45.6 | J24: 52.2 | K24: =I24-J24 | L24: =IF(K24=0,"Push",IF(K24>0,"Over","Under")) | M24: =IF(ABS(G24)>=Settings!$B$5,H24,IF(F24=0,"Pick'em",IF(F24<0,"Home (auto)","Away (auto)"))) | N24: =IF(ABS(K24)>=Settings!$B$6,L24,IF(K24=0,"Push",L24&" (auto)"))
A25: 5 | B25: 2026-10-04 | C25: San José State | D25: Hawai'i | E25: -6.9 | F25: -2.8 | G25: =F25-E25 | H25: =IF(G25=0,"Pick'em",IF(G25>0,"Home","Away")) | I25: 48.5 | J25: 51.2 | K25: =I25-J25 | L25: =IF(K25=0,"Push",IF(K25>0,"Over","Under")) | M25: =IF(ABS(G25)>=Settings!$B$5,H25,IF(F25=0,"Pick'em",IF(F25<0,"Home (auto)","Away (auto)"))) | N25: =IF(ABS(K25)>=Settings!$B$6,L25,IF(K25=0,"Push",L25&" (auto)"))

Sheet Bet Log
A1: Date | B1: Week | C1: Matchup | D1: Bet Type | E1: Side | F1: Line Taken | G1: Odds (American) | H1: Stake (units) | I1: Closing Line | J1: CLV (pts) | K1: Result | L1: Units Won/Lost | M1: Running Bankroll
A2: 2026-08-29 | B2: 1 | C2: Jacksonville State @ North Dakota State | D2: Spread | E2: North Dakota State | F2: -7.5 | G2: 100 | H2: 1 | I2: -7 | J2: =IF(I2="","",I2-F2) | K2: W | L2: =IF(K2="W",IF(G2<0,H2*100/ABS(G2),H2*G2/100),IF(K2="L",-H2,0)) | M2: =Settings!$B$4+SUM(L$2:L2)
A3: 2026-08-29 | B3: 1 | C3: Jacksonville State @ North Dakota State | D3: Moneyline | E3: North Dakota State | G3: -285 | H3: 5 | J3: =IF(I3="","",I3-F3) | K3: W | L3: =IF(K3="W",IF(G3<0,H3*100/ABS(G3),H3*G3/100),IF(K3="L",-H3,0)) | M3: =Settings!$B$4+SUM(L$2:L3)
A4: 2026-08-29 | B4: 1 | C4: Memphis @ UNLV | D4: Moneyline | E4: UNLV | G4: -178 | H4: 5 | J4: =IF(I4="","",I4-F4) | K4: L | L4: =IF(K4="W",IF(G4<0,H4*100/ABS(G4),H4*G4/100),IF(K4="L",-H4,0)) | M4: =Settings!$B$4+SUM(L$2:L4)
A5: 2026-08-29 | B5: 1 | C5: Jacksonville State @ North Dakota State,Memphis @ UNLV | D5: ML Parlay | E5: North Dakota State / UNLV | G5: 110 | H5: 3 | J5: =IF(I5="","",I5-F5) | K5: L | L5: =IF(K5="W",IF(G5<0,H5*100/ABS(G5),H5*G5/100),IF(K5="L",-H5,0)) | M5: =Settings!$B$4+SUM(L$2:L5)
A6: 2026-09-04 | B6: 1 | C6: San José State @ Eastern Michigan | D6: Spread | E6: Eastern Michigan | F6: -3.5 | G6: -110 | H6: 2 | I6: -1.5 | J6: =IF(I6="","",I6-F6) | K6: L | L6: =IF(K6="W",IF(G6<0,H6*100/ABS(G6),H6*G6/100),IF(K6="L",-H6,0)) | M6: =Settings!$B$4+SUM(L$2:L6)
A7: 2026-09-05 | B7: 1 | C7: San José State @ Eastern Michigan, Wyoming at Colorado State | D7: ML Parlay | E7: Eastern Michigan, Colorado State | G7: 149 | H7: 2 | J7: =IF(I7="","",I7-F7) | K7: L | L7: =IF(K7="W",IF(G7<0,H7*100/ABS(G7),H7*G7/100),IF(K7="L",-H7,0)) | M7: =Settings!$B$4+SUM(L$2:L7)
A8: 2026-09-05 | B8: 1 | C8: Wyoming @ Colorado State | D8: Spread | E8: Colorado State | F8: -2.5 | G8: -110 | H8: 2 | I8: -3 | J8: =IF(I8="","",I8-F8) | K8: W | L8: =IF(K8="W",IF(G8<0,H8*100/ABS(G8),H8*G8/100),IF(K8="L",-H8,0)) | M8: =Settings!$B$4+SUM(L$2:L8)
A9: 2026-09-05 | B9: 1 | C9: Wyoming @ Colorado State | D9: Moneyline | E9: Colorado State | G9: -145 | H9: 2 | J9: =IF(I9="","",I9-F9) | K9: W | L9: =IF(K9="W",IF(G9<0,H9*100/ABS(G9),H9*G9/100),IF(K9="L",-H9,0)) | M9: =Settings!$B$4+SUM(L$2:L9)
A10: 2026-09-05 | B10: 1 | C10: Central Michigan @ New Mexico | D10: Spread | E10: New Mexico | F10: -12.5 | G10: -110 | H10: 5 | I10: -10 | J10: =IF(I10="","",I10-F10) | K10: W | L10: =IF(K10="W",IF(G10<0,H10*100/ABS(G10),H10*G10/100),IF(K10="L",-H10,0)) | M10: =Settings!$B$4+SUM(L$2:L10)
A11: 2026-09-07 | B11: 1 | C11: SMU @ Florida State | D11: Spread | E11: SMU | F11: -2.5 | G11: -122 | H11: 2 | I11: -3 | J11: =IF(I11="","",I11-F11) | K11: W | L11: =IF(K11="W",IF(G11<0,H11*100/ABS(G11),H11*G11/100),IF(K11="L",-H11,0)) | M11: =Settings!$B$4+SUM(L$2:L11)
A12: 2026-09-07 | B12: 1 | C12: SMU @ Florida State | D12: Spread | E12: Florida State | F12: 10.5 | G12: -118 | H12: 3 | I12: 3 | J12: =IF(I12="","",I12-F12) | K12: W | L12: =IF(K12="W",IF(G12<0,H12*100/ABS(G12),H12*G12/100),IF(K12="L",-H12,0)) | M12: =Settings!$B$4+SUM(L$2:L12)
A13: 2026-09-07 | B13: 1 | C13: SMU @ Florida State | D13: Moneyline | E13: Florida State | G13: 265 | H13: 1 | J13: =IF(I13="","",I13-F13) | K13: L | L13: =IF(K13="W",IF(G13<0,H13*100/ABS(G13),H13*G13/100),IF(K13="L",-H13,0)) | M13: =Settings!$B$4+SUM(L$2:L13)
A14: 2026-09-06 | B14: 1 | C14: Louisville @ Ole Miss | D14: Spread | E14: Louisville | F14: 6.5 | G14: -108 | H14: 3 | I14: 6.5 | J14: =IF(I14="","",I14-F14) | K14: W | L14: =IF(K14="W",IF(G14<0,H14*100/ABS(G14),H14*G14/100),IF(K14="L",-H14,0)) | M14: =Settings!$B$4+SUM(L$2:L14)
A15: 2026-09-06 | B15: 1 | C15: Louisville @ Ole Miss | D15: Spread | E15: Louisville | F15: 7.5 | G15: 114 | H15: 3 | I15: 6.5 | J15: =IF(I15="","",I15-F15) | K15: W | L15: =IF(K15="W",IF(G15<0,H15*100/ABS(G15),H15*G15/100),IF(K15="L",-H15,0)) | M15: =Settings!$B$4+SUM(L$2:L15)
A16: 2026-09-06 | B16: 1 | C16: Wisconsin @ Notre Dame | D16: Spread | E16: Wisconsin | F16: 14.5 | G16: -132 | H16: 3 | I16: 21 | J16: =IF(I16="","",I16-F16) | K16: L | L16: =IF(K16="W",IF(G16<0,H16*100/ABS(G16),H16*G16/100),IF(K16="L",-H16,0)) | M16: =Settings!$B$4+SUM(L$2:L16)
A17: 2026-09-05 | B17: 1 | C17: Clemson @ LSU | D17: Spread | E17: Clemson | F17: 28.5 | G17: -138 | H17: 7.5 | I17: 10 | J17: =IF(I17="","",I17-F17) | K17: L | L17: =IF(K17="W",IF(G17<0,H17*100/ABS(G17),H17*G17/100),IF(K17="L",-H17,0)) | M17: =Settings!$B$4+SUM(L$2:L17)
A18: 2026-09-05 | B18: 1 | C18: Clemson @ LSU | D18: Spread | E18: Clemson | F18: 10.5 | G18: -118 | H18: 2.5 | I18: 10 | J18: =IF(I18="","",I18-F18) | K18: L | L18: =IF(K18="W",IF(G18<0,H18*100/ABS(G18),H18*G18/100),IF(K18="L",-H18,0)) | M18: =Settings!$B$4+SUM(L$2:L18)
A19: 2026-09-05 | B19: 1 | C19: Western Michigan @ Michigan | D19: Moneyline | E19: Michigan | G19: 146 | H19: 11.5 | J19: =IF(I19="","",I19-F19) | K19: W | L19: =IF(K19="W",IF(G19<0,H19*100/ABS(G19),H19*G19/100),IF(K19="L",-H19,0)) | M19: =Settings!$B$4+SUM(L$2:L19)
A20: 2026-09-05 | B20: 1 | C20: Boise State @ Oregon | D20: Spread | E20: Boise State | F20: 6.5 | G20: 108 | H20: 3 | I20: 25 | J20: =IF(I20="","",I20-F20) | K20: L | L20: =IF(K20="W",IF(G20<0,H20*100/ABS(G20),H20*G20/100),IF(K20="L",-H20,0)) | M20: =Settings!$B$4+SUM(L$2:L20)
A21: 2026-09-05 | B21: 1 | C21: Tarleton State @ Bowling Green | D21: Moneyline | E21: Bowling Green | G21: 200 | H21: 3 | J21: =IF(I21="","",I21-F21) | K21: L | L21: =IF(K21="W",IF(G21<0,H21*100/ABS(G21),H21*G21/100),IF(K21="L",-H21,0)) | M21: =Settings!$B$4+SUM(L$2:L21)
A22: 2026-09-04 | B22: 1 | C22: Miami @ Stanford | D22: Spread | E22: Miami | F22: -36.5 | G22: 100 | H22: 2.5 | I22: -24.5 | J22: =IF(I22="","",I22-F22) | K22: W | L22: =IF(K22="W",IF(G22<0,H22*100/ABS(G22),H22*G22/100),IF(K22="L",-H22,0)) | M22: =Settings!$B$4+SUM(L$2:L22)
A23: 2026-09-04 | B23: 1 | C23: Fresno State @ USC | D23: Total | F23: 39.5 | G23: -102 | H23: 5 | J23: =IF(I23="","",I23-F23) | K23: L | L23: =IF(K23="W",IF(G23<0,H23*100/ABS(G23),H23*G23/100),IF(K23="L",-H23,0)) | M23: =Settings!$B$4+SUM(L$2:L23)
A24: 2026-09-04 | B24: 1 | C24: Toledo @ MSU | D24: Spread | E24: Michigan | F24: -12.5 | G24: -114 | H24: 3.5 | J24: =IF(I24="","",I24-F24) | K24: L | L24: =IF(K24="W",IF(G24<0,H24*100/ABS(G24),H24*G24/100),IF(K24="L",-H24,0)) | M24: =Settings!$B$4+SUM(L$2:L24)
A25: 2026-09-04 | B25: 1 | C25: UTEP @ Oklahoma | D25: Total | F25: 51.5 | G25: -128 | H25: 2.5 | J25: =IF(I25="","",I25-F25) | K25: L | L25: =IF(K25="W",IF(G25<0,H25*100/ABS(G25),H25*G25/100),IF(K25="L",-H25,0)) | M25: =Settings!$B$4+SUM(L$2:L25)
A26: 2026-09-04 | B26: 1 | C26: San Jose State @ Eastern Michigan | D26: Moneyline | E26: Eastern Michigan | G26: -146 | H26: 2 | J26: =IF(I26="","",I26-F26) | K26: L | L26: =IF(K26="W",IF(G26<0,H26*100/ABS(G26),H26*G26/100),IF(K26="L",-H26,0)) | M26: =Settings!$B$4+SUM(L$2:L26)
A27: 2026-09-04 | B27: 1 | C27: UAB @ Illinois | D27: Spread | E27: UAB | F27: 17.5 | G27: -106 | H27: 2.75 | I27: 26 | J27: =IF(I27="","",I27-F27) | K27: L | L27: =IF(K27="W",IF(G27<0,H27*100/ABS(G27),H27*G27/100),IF(K27="L",-H27,0)) | M27: =Settings!$B$4+SUM(L$2:L27)
A28: 2026-09-04 | B28: 1 | C28: UAB @ Illinois | D28: Spread | E28: UAB | F28: 25.5 | G28: 320 | H28: 2 | I28: 26 | J28: =IF(I28="","",I28-F28) | K28: W | L28: =IF(K28="W",IF(G28<0,H28*100/ABS(G28),H28*G28/100),IF(K28="L",-H28,0)) | M28: =Settings!$B$4+SUM(L$2:L28)
A29: 2026-09-12 | B29: 2 | C29: UNLV @ North Texas | D29: Spread | E29: North Texas | F29: 3.5 | G29: -114 | H29: 1 | I29: 3.5 | J29: =IF(I29="","",I29-F29) | K29: W | L29: =IF(K29="W",IF(G29<0,H29*100/ABS(G29),H29*G29/100),IF(K29="L",-H29,0)) | M29: =Settings!$B$4+SUM(L$2:L29)
A30: 2026-09-13 | B30: 2 | C30: North Dakota State @ Airforce | D30: Spread | E30: North Dakota State | F30: -2.5 | G30: -112 | H30: 2.5 | I30: 2.5 | J30: =IF(I30="","",I30-F30) | K30: W | L30: =IF(K30="W",IF(G30<0,H30*100/ABS(G30),H30*G30/100),IF(K30="L",-H30,0)) | M30: =Settings!$B$4+SUM(L$2:L30)
A31: 2026-09-13 | B31: 2 | C31: North Dakota State @ Airforce | D31: Moneyline | E31: North Dakota State | G31: -134 | H31: 2.5 | J31: =IF(I31="","",I31-F31) | K31: W | L31: =IF(K31="W",IF(G31<0,H31*100/ABS(G31),H31*G31/100),IF(K31="L",-H31,0)) | M31: =Settings!$B$4+SUM(L$2:L31)
A32: 2026-09-13 | B32: 2 | C32: New Mexico State @ Hawaii | D32: Moneyline | E32: Hawaii | G32: -330 | H32: 1 | J32: =IF(I32="","",I32-F32) | K32: W | L32: =IF(K32="W",IF(G32<0,H32*100/ABS(G32),H32*G32/100),IF(K32="L",-H32,0)) | M32: =Settings!$B$4+SUM(L$2:L32)
A33: 2026-09-12 | B33: 2 | C33: Maryland @ Uconn | D33: Spread | E33: Uconn | F33: 12.5 | G33: -110 | H33: 1 | I33: 13.5 | J33: =IF(I33="","",I33-F33) | K33: L | L33: =IF(K33="W",IF(G33<0,H33*100/ABS(G33),H33*G33/100),IF(K33="L",-H33,0)) | M33: =Settings!$B$4+SUM(L$2:L33)
A34: 2026-09-12 | B34: 2 | C34: Ohio State @ Texas | D34: Moneyline | E34: Texas | G34: 500 | H34: 40 | J34: =IF(I34="","",I34-F34) | K34: W | L34: =IF(K34="W",IF(G34<0,H34*100/ABS(G34),H34*G34/100),IF(K34="L",-H34,0)) | M34: =Settings!$B$4+SUM(L$2:L34)
A35: 2026-09-19 | B35: 3 | C35: Wyoming @ Central Michigan | D35: Spread | E35: Central Michigan | F35: -1.5 | G35: -110 | H35: 1 | I35: -2.5 | J35: =IF(I35="","",I35-F35) | K35: W | L35: =IF(K35="W",IF(G35<0,H35*100/ABS(G35),H35*G35/100),IF(K35="L",-H35,0)) | M35: =Settings!$B$4+SUM(L$2:L35)
A36: 2026-09-19 | B36: 3 | C36: Wyoming @ Central Michigan | D36: Moneyline | E36: Central Michigan | F36: -0.5 | G36: -114 | H36: 1 | J36: =IF(I36="","",I36-F36) | K36: W | L36: =IF(K36="W",IF(G36<0,H36*100/ABS(G36),H36*G36/100),IF(K36="L",-H36,0)) | M36: =Settings!$B$4+SUM(L$2:L36)
A37: 2026-09-19 | B37: 3 | C37: Sacramento State @ North Dakota State | D37: Spread | E37: North Dakota State | F37: -27.5 | G37: -115 | H37: 2 | I37: -27.5 | J37: =IF(I37="","",I37-F37) | K37: L | L37: =IF(K37="W",IF(G37<0,H37*100/ABS(G37),H37*G37/100),IF(K37="L",-H37,0)) | M37: =Settings!$B$4+SUM(L$2:L37)
A38: 2026-09-19 | B38: 3 | C38: SMU @ Louisville | D38: Moneyline | E38: SMU | G38: 134 | H38: 1 | J38: =IF(I38="","",I38-F38) | K38: L | L38: =IF(K38="W",IF(G38<0,H38*100/ABS(G38),H38*G38/100),IF(K38="L",-H38,0)) | M38: =Settings!$B$4+SUM(L$2:L38)
A39: 2026-09-19 | B39: 3 | C39: LSU @ Ole Miss | D39: Moneyline | E39: LSU | G39: 350 | H39: 36 | J39: =IF(I39="","",I39-F39) | K39: L | L39: =IF(K39="W",IF(G39<0,H39*100/ABS(G39),H39*G39/100),IF(K39="L",-H39,0)) | M39: =Settings!$B$4+SUM(L$2:L39)
A40: 2026-09-19 | B40: 3 | C40: Wyoming @ Central Michigan | D40: Spread | E40: Central Michigan | F40: -1.5 | G40: -114 | H40: 2.6 | I40: -2.5 | J40: =IF(I40="","",I40-F40) | K40: W | L40: =IF(K40="W",IF(G40<0,H40*100/ABS(G40),H40*G40/100),IF(K40="L",-H40,0)) | M40: =Settings!$B$4+SUM(L$2:L40)
A41: 2026-09-19 | B41: 3 | C41: Coastal Carolina @ Delaware | D41: Spread | E41: Delaware | F41: -4.5 | G41: -118 | H41: 3.5 | I41: -5.5 | J41: =IF(I41="","",I41-F41) | K41: W | L41: =IF(K41="W",IF(G41<0,H41*100/ABS(G41),H41*G41/100),IF(K41="L",-H41,0)) | M41: =Settings!$B$4+SUM(L$2:L41)
A42: 2026-09-19 | B42: 3 | C42: Houston @ Texas Tech | D42: Spread | E42: Texas Tech | F42: -7.5 | G42: -115 | H42: 1.5 | I42: -7.5 | J42: =IF(I42="","",I42-F42) | K42: L | L42: =IF(K42="W",IF(G42<0,H42*100/ABS(G42),H42*G42/100),IF(K42="L",-H42,0)) | M42: =Settings!$B$4+SUM(L$2:L42)
A43: 2026-09-19 | B43: 3 | C43: Miami @ Wake Forest | D43: Spread | E43: Wake Forest | F43: 31.5 | G43: -140 | H43: 2.5 | I43: 20.5 | J43: =IF(I43="","",I43-F43) | K43: W | L43: =IF(K43="W",IF(G43<0,H43*100/ABS(G43),H43*G43/100),IF(K43="L",-H43,0)) | M43: =Settings!$B$4+SUM(L$2:L43)
A44: 2026-09-26 | B44: 4 | C44: Clemson @ California | D44: Moneyline | E44: Clemson | F44: -138 | G44: -138 | H44: 2 | J44: =IF(I44="","",I44-F44) | K44: W | L44: =IF(K44="W",IF(G44<0,H44*100/ABS(G44),H44*G44/100),IF(K44="L",-H44,0)) | M44: =Settings!$B$4+SUM(L$2:L44)
A45: 2026-09-26 | B45: 4 | C45: UNLV @ Akron | D45: Spread | E45: Akron | F45: 13.5 | G45: -110 | H45: 1.5 | I45: 13.5 | J45: =IF(I45="","",I45-F45) | K45: L | L45: =IF(K45="W",IF(G45<0,H45*100/ABS(G45),H45*G45/100),IF(K45="L",-H45,0)) | M45: =Settings!$B$4+SUM(L$2:L45)
A46: 2026-09-26 | B46: 4 | C46: New Mexico @ New Mexico State | D46: Spread | E46: New Mexico | F46: -11.5 | G46: -110 | H46: 1.5 | I46: -11.5 | J46: =IF(I46="","",I46-F46) | K46: W | L46: =IF(K46="W",IF(G46<0,H46*100/ABS(G46),H46*G46/100),IF(K46="L",-H46,0)) | M46: =Settings!$B$4+SUM(L$2:L46)
A47: 2026-09-26 | B47: 4 | C47: Wake Forest @ Louisville | D47: Moneyline | E47: Louisville | G47: -130 | H47: 1.5 | J47: =IF(I47="","",I47-F47) | K47: L | L47: =IF(K47="W",IF(G47<0,H47*100/ABS(G47),H47*G47/100),IF(K47="L",-H47,0)) | M47: =Settings!$B$4+SUM(L$2:L47)
A48: 2026-09-26 | B48: 4 | C48: Wake Forest @ Louisville | D48: Moneyline | E48: Louisville | G48: 100 | H48: 1 | J48: =IF(I48="","",I48-F48) | K48: L | L48: =IF(K48="W",IF(G48<0,H48*100/ABS(G48),H48*G48/100),IF(K48="L",-H48,0)) | M48: =Settings!$B$4+SUM(L$2:L48)
A49: 2026-09-26 | B49: 4 | C49: Iowa @ Michigan | D49: Spread | E49: Iowa | F49: 5.5 | G49: -112 | H49: 1 | I49: 5.5 | J49: =IF(I49="","",I49-F49) | K49: W | L49: =IF(K49="W",IF(G49<0,H49*100/ABS(G49),H49*G49/100),IF(K49="L",-H49,0)) | M49: =Settings!$B$4+SUM(L$2:L49)
A50: 2026-09-26 | B50: 4 | C50: Oklahoma State @ West Virginia | D50: Spread | E50: West Virginia | F50: -1.5 | G50: -115 | H50: 1.15 | I50: -1.5 | J50: =IF(I50="","",I50-F50) | K50: L | L50: =IF(K50="W",IF(G50<0,H50*100/ABS(G50),H50*G50/100),IF(K50="L",-H50,0)) | M50: =Settings!$B$4+SUM(L$2:L50)
A51: 2026-09-26 | B51: 4 | C51: Oregon @ USC | D51: Spread | E51: Oregon | F51: -3.5 | G51: -110 | H51: 1.1 | I51: -3.5 | J51: =IF(I51="","",I51-F51) | K51: W | L51: =IF(K51="W",IF(G51<0,H51*100/ABS(G51),H51*G51/100),IF(K51="L",-H51,0)) | M51: =Settings!$B$4+SUM(L$2:L51)
A52: 2026-09-26 | B52: 4 | C52: Missouri @ Mississippi State | D52: Spread | E52: Mississippi State | F52: -3.5 | G52: 118 | H52: 1 | I52: -3.5 | J52: =IF(I52="","",I52-F52) | K52: W | L52: =IF(K52="W",IF(G52<0,H52*100/ABS(G52),H52*G52/100),IF(K52="L",-H52,0)) | M52: =Settings!$B$4+SUM(L$2:L52)
A53: 2026-09-26 | B53: 4 | C53: Georgia Tech @ Stanford | D53: Moneyline | E53: Georgia Tech | G53: -150 | H53: 1.5 | J53: =IF(I53="","",I53-F53) | K53: L | L53: =IF(K53="W",IF(G53<0,H53*100/ABS(G53),H53*G53/100),IF(K53="L",-H53,0)) | M53: =Settings!$B$4+SUM(L$2:L53)
A54: 2026-09-26 | B54: 4 | C54: Minnesota @ Washington | D54: Spread | E54: Washington | F54: -6.5 | G54: -114 | H54: 1.1 | I54: -12 | J54: =IF(I54="","",I54-F54) | K54: L | L54: =IF(K54="W",IF(G54<0,H54*100/ABS(G54),H54*G54/100),IF(K54="L",-H54,0)) | M54: =Settings!$B$4+SUM(L$2:L54)
A55: 2026-09-26 | B55: 4 | C55: Minnesota @ Washington | D55: Spread | E55: Washington | F55: -4.5 | G55: -108 | H55: 1 | I55: -12 | J55: =IF(I55="","",I55-F55) | K55: L | L55: =IF(K55="W",IF(G55<0,H55*100/ABS(G55),H55*G55/100),IF(K55="L",-H55,0)) | M55: =Settings!$B$4+SUM(L$2:L55)
A56: 2026-10-03 | B56: 5 | C56: Navy @ Air Force | D56: Spread | E56: Navy | F56: 2.5 | G56: -104 | H56: 1 | I56: 3 | J56: 3.5 | K56: L | L56: =IF(K56="W",IF(G56<0,H56*100/ABS(G56),H56*G56/100),IF(K56="L",-H56,0)) | M56: =Settings!$B$4+SUM(L$2:L56)
A57: 2026-10-03 | B57: 5 | C57: Navy @ Air Force | D57: Moneyline | E57: Navy | G57: 116 | H57: 1 | J57: =IF(I57="","",I57-F57) | K57: L | L57: =IF(K57="W",IF(G57<0,H57*100/ABS(G57),H57*G57/100),IF(K57="L",-H57,0)) | M57: =Settings!$B$4+SUM(L$2:L57)
A58: 2026-10-03 | B58: 5 | C58: Wyoming @ North Dakota State | D58: Spread | E58: North Dakota State | F58: -19.5 | G58: -115 | H58: 1 | I58: -17 | J58: -26.5 | K58: W | L58: =IF(K58="W",IF(G58<0,H58*100/ABS(G58),H58*G58/100),IF(K58="L",-H58,0)) | M58: =Settings!$B$4+SUM(L$2:L58)
A59: 2026-10-03 | B59: 5 | C59: UTEP @ New Mexico | D59: Spread | E59: New Mexico | F59: -22.5 | G59: -110 | H59: 1 | I59: -23 | J59: -34.5 | K59: W | L59: =IF(K59="W",IF(G59<0,H59*100/ABS(G59),H59*G59/100),IF(K59="L",-H59,0)) | M59: =Settings!$B$4+SUM(L$2:L59)
A60: 2026-10-03 | B60: 5 | C60: Liberty @ Delaware | D60: Spread | E60: Delaware | F60: 6.5 | G60: -110 | H60: 1 | I60: 7 | J60: 7.5 | K60: L | L60: =IF(K60="W",IF(G60<0,H60*100/ABS(G60),H60*G60/100),IF(K60="L",-H60,0)) | M60: =Settings!$B$4+SUM(L$2:L60)
A61: 2026-10-03 | B61: 5 | C61: Alabama @ Mississippi State | D61: Spread | E61: Alabama | F61: -5.5 | G61: -110 | H61: 1 | I61: -5.5 | J61: -6 | K61: W | L61: =IF(K61="W",IF(G61<0,H61*100/ABS(G61),H61*G61/100),IF(K61="L",-H61,0)) | M61: =Settings!$B$4+SUM(L$2:L61)
A62: 2026-10-03 | B62: 5 | C62: Marshall @ James Madison | D62: Spread | E62: James Madison | F62: -18.5 | G62: -115 | H62: 1 | I62: -16 | J62: -19.5 | K62: W | L62: =IF(K62="W",IF(G62<0,H62*100/ABS(G62),H62*G62/100),IF(K62="L",-H62,0)) | M62: =Settings!$B$4+SUM(L$2:L62)
A63: 2026-10-02 | B63: 5 | C63: Pittsburgh @ Virginia Tech | D63: Moneyline | E63: Pittsburgh | G63: 116 | H63: 2 | J63: =IF(I63="","",I63-F63) | K63: W | L63: =IF(K63="W",IF(G63<0,H63*100/ABS(G63),H63*G63/100),IF(K63="L",-H63,0)) | M63: =Settings!$B$4+SUM(L$2:L63)
A64: 2026-10-03 | B64: 5 | C64: West Virginia @ Iowa State | D64: Moneyline | E64: Iowa State | G64: -120 | H64: 1 | J64: =IF(I64="","",I64-F64) | K64: W | L64: =IF(K64="W",IF(G64<0,H64*100/ABS(G64),H64*G64/100),IF(K64="L",-H64,0)) | M64: =Settings!$B$4+SUM(L$2:L64)
A65: 2026-10-03 | B65: 5 | C65: Auburn @ Tennessee | D65: Spread | E65: Tennessee | F65: -2.5 | G65: 125 | H65: 1 | I65: -6 | J65: =IF(I65="","",I65-F65) | K65: W | L65: =IF(K65="W",IF(G65<0,H65*100/ABS(G65),H65*G65/100),IF(K65="L",-H65,0)) | M65: =Settings!$B$4+SUM(L$2:L65)
A66: 2026-10-02 | B66: 5 | C66: Liberty @ Delaware | D66: Spread | E66: Delaware | F66: 7.5 | G66: -122 | H66: 1 | I66: 7 | J66: =IF(I66="","",I66-F66) | K66: L | L66: =IF(K66="W",IF(G66<0,H66*100/ABS(G66),H66*G66/100),IF(K66="L",-H66,0)) | M66: =Settings!$B$4+SUM(L$2:L66)
A67: 2026-10-03 | B67: 5 | C67: BYU @ TCU | D67: Spread | E67: TCU | F67: 5.5 | G67: -112 | H67: 1 | I67: 6 | J67: =IF(I67="","",I67-F67) | K67: L | L67: =IF(K67="W",IF(G67<0,H67*100/ABS(G67),H67*G67/100),IF(K67="L",-H67,0)) | M67: =Settings!$B$4+SUM(L$2:L67)
A68: 2026-10-03 | B68: 5 | C68: Washington @ USC | D68: Moneyline | E68: USC | G68: 126 | H68: 1.79 | J68: =IF(I68="","",I68-F68) | K68: W | L68: =IF(K68="W",IF(G68<0,H68*100/ABS(G68),H68*G68/100),IF(K68="L",-H68,0)) | M68: =Settings!$B$4+SUM(L$2:L68)
A69: 2026-10-08 | B69: 6 | C69: Sam Houston @ Liberty | D69: Spread | E69: Liberty | F69: -13.5 | G69: -110 | H69: 1 | I69: -13.5 | J69: =IF(I69="","",I69-F69) | K69: W | L69: =IF(K69="W",IF(G69<0,H69*100/ABS(G69),H69*G69/100),IF(K69="L",-H69,0)) | M69: =Settings!$B$4+SUM(L$2:L69)
A70: 2026-10-10 | B70: 6 | C70: Virginia Tech @ California | D70: Spread | E70: California | F70: 9.5 | G70: -105 | H70: 1 | I70: 11 | J70: =IF(I70="","",I70-F70) | K70: W | L70: =IF(K70="W",IF(G70<0,H70*100/ABS(G70),H70*G70/100),IF(K70="L",-H70,0)) | M70: =Settings!$B$4+SUM(L$2:L70)
A71: 2026-10-10 | B71: 6 | C71: UCLA @ Oregon | D71: Spread | E71: Oregon | F71: -11.5 | G71: -110 | H71: 1 | I71: -10 | J71: =IF(I71="","",I71-F71) | K71: L | L71: =IF(K71="W",IF(G71<0,H71*100/ABS(G71),H71*G71/100),IF(K71="L",-H71,0)) | M71: =Settings!$B$4+SUM(L$2:L71)
A72: 2026-10-10 | B72: 6 | C72: North Dakota State @ UNLV | D72: Spread | E72: North Dakota State | F72: -3.5 | G72: -102 | H72: 1 | I72: -3 | J72: =IF(I72="","",I72-F72) | K72: L | L72: =IF(K72="W",IF(G72<0,H72*100/ABS(G72),H72*G72/100),IF(K72="L",-H72,0)) | M72: =Settings!$B$4+SUM(L$2:L72)
A73: 2026-10-10 | B73: 6 | C73: Syracuse @ Virginia | D73: Spread | E73: Virginia | F73: -8.5 | G73: -110 | H73: 1 | I73: -14 | J73: =IF(I73="","",I73-F73) | K73: L | L73: =IF(K73="W",IF(G73<0,H73*100/ABS(G73),H73*G73/100),IF(K73="L",-H73,0)) | M73: =Settings!$B$4+SUM(L$2:L73)
A74: 2026-10-10 | B74: 6 | C74: Air Force @ Northern Illinois | D74: Spread | E74: Air Force | F74: -8.5 | G74: -105 | H74: 1 | I74: -7 | J74: =IF(I74="","",I74-F74) | K74: W | L74: =IF(K74="W",IF(G74<0,H74*100/ABS(G74),H74*G74/100),IF(K74="L",-H74,0)) | M74: =Settings!$B$4+SUM(L$2:L74)
A75: 2026-10-10 | B75: 6 | C75: James Madison @ Georgia Southern | D75: Spread | E75: James Madison | F75: -7.5 | G75: -105 | H75: 1 | I75: -7 | J75: =IF(I75="","",I75-F75) | K75: L | L75: =IF(K75="W",IF(G75<0,H75*100/ABS(G75),H75*G75/100),IF(K75="L",-H75,0)) | M75: =Settings!$B$4+SUM(L$2:L75)
A76: 2026-10-10 | B76: 6 | C76: Sam Houston @ Liberty | D76: Other | E76: Liberty, California, Oregon, NDSU, UVA, Airforce, JMU Spreads | G76: 10154 | H76: 1 | J76: =IF(I76="","",I76-F76) | K76: L | L76: =IF(K76="W",IF(G76<0,H76*100/ABS(G76),H76*G76/100),IF(K76="L",-H76,0)) | M76: =Settings!$B$4+SUM(L$2:L76)
A77: 2026-10-10 | B77: 6 | C77: Georgia @ Alabama | D77: Moneyline | E77: Alabama | G77: 118 | H77: 10 | J77: =IF(I77="","",I77-F77) | K77: L | L77: =IF(K77="W",IF(G77<0,H77*100/ABS(G77),H77*G77/100),IF(K77="L",-H77,0)) | M77: =Settings!$B$4+SUM(L$2:L77)
A78: 2026-10-17 | B78: 7 | C78: Pittsburgh @ Boston College | D78: Spread | E78: Pittsburgh | F78: -6.5 | G78: -105 | H78: 1 | I78: -6.5 | J78: =IF(I78="","",I78-F78) | K78: L | L78: =IF(K78="W",IF(G78<0,H78*100/ABS(G78),H78*G78/100),IF(K78="L",-H78,0)) | M78: =Settings!$B$4+SUM(L$2:L78)
A79: 2026-10-17 | B79: 7 | C79: North Carolina @ Duke | D79: Spread | E79: Duke | F79: -3.5 | G79: 100 | H79: 1 | I79: -3 | J79: =IF(I79="","",I79-F79) | K79: L | L79: =IF(K79="W",IF(G79<0,H79*100/ABS(G79),H79*G79/100),IF(K79="L",-H79,0)) | M79: =Settings!$B$4+SUM(L$2:L79)
A80: 2026-10-17 | B80: 7 | C80: New Mexico @ Hawaii | D80: Spread | E80: New Mexico | F80: -14.5 | G80: -110 | H80: 1 | I80: -14.5 | J80: =IF(I80="","",I80-F80) | K80: L | L80: =IF(K80="W",IF(G80<0,H80*100/ABS(G80),H80*G80/100),IF(K80="L",-H80,0)) | M80: =Settings!$B$4+SUM(L$2:L80)
A81: 2026-10-17 | B81: 7 | C81: Nevada @ North Dakota State | D81: Spread | E81: North Dakota State | F81: -14.5 | G81: -114 | H81: 1 | I81: -14 | J81: =IF(I81="","",I81-F81) | K81: L | L81: =IF(K81="W",IF(G81<0,H81*100/ABS(G81),H81*G81/100),IF(K81="L",-H81,0)) | M81: =Settings!$B$4+SUM(L$2:L81)
A82: 2026-10-17 | B82: 7 | C82: Washington @ Purdue | D82: Spread | E82: Washington | F82: 3.5 | G82: -114 | H82: 1 | I82: 3 | J82: =IF(I82="","",I82-F82) | K82: W | L82: =IF(K82="W",IF(G82<0,H82*100/ABS(G82),H82*G82/100),IF(K82="L",-H82,0)) | M82: =Settings!$B$4+SUM(L$2:L82)
A83: 2026-10-17 | B83: 7 | C83: Georgia State @ James Madison | D83: Spread | E83: James Madison | F83: -10.5 | G83: -110 | H83: 1 | I83: -8 | J83: =IF(I83="","",I83-F83) | K83: W | L83: =IF(K83="W",IF(G83<0,H83*100/ABS(G83),H83*G83/100),IF(K83="L",-H83,0)) | M83: =Settings!$B$4+SUM(L$2:L83)
A84: 2026-10-17 | B84: 7 | C84: Wisconsin @ UCLA | D84: Spread | E84: UCLA | F84: -2.5 | G84: -120 | H84: 1 | I84: -2 | J84: =IF(I84="","",I84-F84) | K84: w | L84: =IF(K84="W",IF(G84<0,H84*100/ABS(G84),H84*G84/100),IF(K84="L",-H84,0)) | M84: =Settings!$B$4+SUM(L$2:L84)
A85: 2026-10-17 | B85: 7 | C85: Louisville @ Syracuse | D85: Spread | E85: Louisville | F85: -14.5 | G85: -110 | H85: 1 | I85: -14.5 | J85: =IF(I85="","",I85-F85) | K85: L | L85: =IF(K85="W",IF(G85<0,H85*100/ABS(G85),H85*G85/100),IF(K85="L",-H85,0)) | M85: =Settings!$B$4+SUM(L$2:L85)
A86: 2026-10-17 | B86: 7 | C86: Notre Dame @ BYU | D86: Moneyline | E86: BYU | G86: 180 | H86: 50 | J86: =IF(I86="","",I86-F86) | K86: W | L86: =IF(K86="W",IF(G86<0,H86*100/ABS(G86),H86*G86/100),IF(K86="L",-H86,0)) | M86: =Settings!$B$4+SUM(L$2:L86)
A87: 2026-10-23 | B87: 8 | C87: Duke @ Virginia | D87: Moneyline | E87: Duke | G87: 114 | H87: 1 | K87: W | L87: =IF(K87="W",IF(G87<0,H87*100/ABS(G87),H87*G87/100),IF(K87="L",-H87,0)) | M87: =Settings!$B$4+SUM(L$2:L87)
A88: 2026-10-24 | B88: 8 | C88: BYU @ UCF | D88: Spread | E88: BYU | F88: -6.5 | G88: -124 | H88: 1 | I88: -7.5 | J88: =IF(I88="","",I88-F88) | K88: L | L88: =IF(K88="W",IF(G88<0,H88*100/ABS(G88),H88*G88/100),IF(K88="L",-H88,0)) | M88: =Settings!$B$4+SUM(L$2:L88)
A89: 2026-10-24 | B89: 8 | C89: UL Monroe @ Troy | D89: Spread | E89: Troy | F89: -13.5 | G89: -110 | H89: 1 | I89: -12.5 | J89: =IF(I89="","",I89-F89) | K89: L | L89: =IF(K89="W",IF(G89<0,H89*100/ABS(G89),H89*G89/100),IF(K89="L",-H89,0)) | M89: =Settings!$B$4+SUM(L$2:L89)
A90: 2026-10-24 | B90: 8 | C90: Air Force @ Wyoming | D90: Moneyline | E90: Air Force | G90: -225 | H90: 1 | J90: =IF(I90="","",I90-F90) | K90: L | L90: =IF(K90="W",IF(G90<0,H90*100/ABS(G90),H90*G90/100),IF(K90="L",-H90,0)) | M90: =Settings!$B$4+SUM(L$2:L90)
A91: 2026-10-24 | B91: 8 | C91: Vanderbilt @ Kentucky | D91: Spread | E91: Vanderbilt | F91: 10.5 | G91: -105 | H91: 1 | I91: 11.5 | J91: =IF(I91="","",I91-F91) | K91: L | L91: =IF(K91="W",IF(G91<0,H91*100/ABS(G91),H91*G91/100),IF(K91="L",-H91,0)) | M91: =Settings!$B$4+SUM(L$2:L91)
A92: 2026-10-24 | B92: 8 | C92: Houston @ Utah | D92: Spread | E92: Utah | F92: -6.5 | G92: -114 | H92: 1 | I92: -6.5 | J92: =IF(I92="","",I92-F92) | K92: W | L92: =IF(K92="W",IF(G92<0,H92*100/ABS(G92),H92*G92/100),IF(K92="L",-H92,0)) | M92: =Settings!$B$4+SUM(L$2:L92)
A93: 2026-10-24 | B93: 8 | C93: Houston @ Utah | D93: Spread | E93: Utah | F93: -2.5 | G93: -128 | H93: 2 | I93: -6.5 | J93: =IF(I93="","",I93-F93) | K93: W | L93: =IF(K93="W",IF(G93<0,H93*100/ABS(G93),H93*G93/100),IF(K93="L",-H93,0)) | M93: =Settings!$B$4+SUM(L$2:L93)
A94: 2026-10-24 | B94: 8 | C94: North Dakota State @ New Mexico | D94: Spread | E94: North Dakota State | F94: 5.5 | G94: -112 | H94: 1.14 | I94: 5 | J94: =IF(I94="","",I94-F94) | K94: W | L94: =IF(K94="W",IF(G94<0,H94*100/ABS(G94),H94*G94/100),IF(K94="L",-H94,0)) | M94: =Settings!$B$4+SUM(L$2:L94)
J95: =IF(I95="","",I95-F95) | L95: =IF(K95="W",IF(G95<0,H95*100/ABS(G95),H95*G95/100),IF(K95="L",-H95,0)) | M95: =Settings!$B$4+SUM(L$2:L95)
J96: =IF(I96="","",I96-F96) | L96: =IF(K96="W",IF(G96<0,H96*100/ABS(G96),H96*G96/100),IF(K96="L",-H96,0)) | M96: =Settings!$B$4+SUM(L$2:L96)
J97: =IF(I97="","",I97-F97) | L97: =IF(K97="W",IF(G97<0,H97*100/ABS(G97),H97*G97/100),IF(K97="L",-H97,0)) | M97: =Settings!$B$4+SUM(L$2:L97)
J98: =IF(I98="","",I98-F98) | L98: =IF(K98="W",IF(G98<0,H98*100/ABS(G98),H98*G98/100),IF(K98="L",-H98,0)) | M98: =Settings!$B$4+SUM(L$2:L98)
J99: =IF(I99="","",I99-F99) | L99: =IF(K99="W",IF(G99<0,H99*100/ABS(G99),H99*G99/100),IF(K99="L",-H99,0)) | M99: =Settings!$B$4+SUM(L$2:L99)
J100: =IF(I100="","",I100-F100) | L100: =IF(K100="W",IF(G100<0,H100*100/ABS(G100),H100*G100/100),IF(K100="L",-H100,0)) | M100: =Settings!$B$4+SUM(L$2:L100)
...

Sheet Team Profiles
A1: Team | B1: Prior Conference | C1: Joined 2026 | D1: Model Power Rating | E1: SP+ Rating | F1: Off PPA | G1: Def PPA | H1: Talent Rank | I1: Notes
A2: North Dakota State | B2: FCS (Missouri Valley Football Conference) | C2: Y | D2: 1726.7 | E2: 9.5 | F2: 0.090495252 | G2: -0.12112384 | H2: 117 | I2: Full MW history available. Option offense; home elevation ~6,621 ft.
A3: UNLV | B3: Mountain West | C3: N | D3: 1613.9 | E3: -3.4 | F3: 0.076724594 | G3: 0.069890451 | H3: 63 | I3: Full history. Travel distance/time-zone is a real situational factor for every road game.
A4: New Mexico | B4: Mountain West | C4: N | D4: 1644.3 | E4: 10.6 | F4: 0.14392698 | G4: -0.1580846 | H4: 87 | I4: Full history available.
A5: Hawai'i | B5: Mountain West | C5: N | D5: 1454.8 | E5: -12.6 | F5: 0.057704936 | G5: 0.1751327 | H5: 124 | I5: Full history. Home elevation ~5,000+ ft.
A6: Air Force | B6: Mountain West | C6: N | D6: 1539.2 | E6: 1.5 | F6: 0.21881209 | G6: 0.064322119 | H6: 141 | I6: Zero FBS history — historically dominant FCS program. Pull its FCS-era schedule separately (see pull_ndsu_games() in pull_games.py) since a plain division='fbs' query will not surface it before 2026. Likely market-mispricing candidate in year one since books/public have thin FBS-level reference data on it.
A7: Wyoming | B7: Mountain West | C7: N | D7: 1487.6 | E7: -9.3 | F7: 0.12584558 | G7: 0.12928652 | H7: 114 | I7: No MW history; bring its full MAC-era game log (already FBS, so it's in a plain division='fbs' pull).
A8: Northern Illinois | B8: MAC | C8: Y | D8: 1294.5 | E8: -25 | F8: -0.053656068 | G8: 0.24673033 | H8: 82 | I8: Full history available. Watch for 'San Jose State' (no accent) in some sources — same team.
A9: San José State | B9: Mountain West | C9: N | D9: 1427 | E9: -9.3 | F9: 0.098488187 | G9: 0.065723405 | H9: 129 | I9: Full history available.
A10: Nevada | B10: Mountain West | C10: N | D10: 1433.1 | E10: -4.6 | F10: 0.071141873 | G10: 0.09697439 | H10: 98 | I10: No MW history; bring its full C-USA-era game log (already FBS).
A11: UTEP | B11: Conference USA | C11: Y | D11: 1280.7 | E11: -24.6 | F11: -0.10790222 | G11: 0.2499178 | H11: 92 | I11: Full history. Home elevation ~7,220 ft — coldest, highest venue in the league.

Sheet Power Ratings
A1: Team | B1: Week 1 | C1: Week 2 | D1: Week 3 | E1: Week 4 | F1: Week 5 | G1: Week 6 | H1: Week 7 | I1: Week 8 | V1: Matchup Spread Calculator
A2: Ohio State | B2: 93.4 | C2: 92.4 | D2: 90.8 | E2: 91.1 | F2: 91.6 | G2: 91.1 | H2: 92.1 | I2: 92.1
A3: Indiana | B3: 97 | C3: 94.1 | D3: 93.1 | E3: 91.6 | F3: 90.4 | G3: 89 | H3: 88 | I3: 87.1 | V3: Home Team | W3: Delaware
A4: Miami | B4: 89.9 | C4: 87.5 | D4: 86.1 | E4: 85.7 | F4: 86.7 | G4: 86.8 | H4: 85.7 | I4: 86.6 | V4: Away Team | W4: Liberty
A5: Georgia | B5: 83.5 | C5: 83.6 | D5: 84.7 | E5: 86.9 | F5: 87.6 | G5: 87.6 | H5: 85.7 | I5: 85.7 | V5: Neutral Site? (Y/N) | W5: N
A6: Notre Dame | B6: 88.5 | C6: 87.1 | D6: 86.8 | E6: 86.5 | F6: 85.1 | G6: 85.4 | H6: 84 | I6: 84
A7: Ole Miss | B7: 84.9 | C7: 83.6 | D7: 84.1 | E7: 80.5 | F7: 80.5 | G7: 82.2 | H7: 84.6 | I7: 83.7 | V7: HFA (model constant) | W7: 2.7
A8: Texas | B8: 85.1 | C8: 86 | D8: 86.4 | E8: 85.9 | F8: 85.9 | G8: 84.7 | H8: 82.6 | I8: 83.6
A9: Alabama | B9: 80.9 | C9: 82.3 | D9: 82.2 | E9: 83.3 | F9: 85 | G9: 85 | H9: 82.7 | I9: 83.3 | V9: Predicted Spread (Home) | W9: =IF(OR(W3="",W4=""),"",INDEX($I$2:$I$139,MATCH(W4,$A$2:$A$139,0))-INDEX($I$2:$I$139,MATCH(W3,$A$2:$A$139,0))-IF(UPPER(W5)="Y",0,W7))
A10: LSU | B10: 79.1 | C10: 79.8 | D10: 79.4 | E10: 82.2 | F10: 80.4 | G10: 79.5 | H10: 80.8 | I10: 82.4 | V10: (negative = home team favored, e.g. "Home -6.5")
A11: Utah | B11: 81.6 | C11: 83 | D11: 83.7 | E11: 83.7 | F11: 83.7 | G11: 83.3 | H11: 81.3 | I11: 81
A12: Texas Tech | B12: 87.3 | C12: 85.1 | D12: 83.9 | E12: 82.6 | F12: 82.5 | G12: 82.5 | H12: 83.7 | I12: 80.7
A13: Arizona | B13: 73.4 | C13: 72.8 | D13: 72.4 | E13: 72.6 | F13: 75.6 | G13: 76.8 | H13: 76.8 | I13: 79.2
A14: Oregon | B14: 86.9 | C14: 82.6 | D14: 81.2 | E14: 81.9 | F14: 81.9 | G14: 81.1 | H14: 81.2 | I14: 79.1
A15: Tennessee | B15: 76.8 | C15: 77.9 | D15: 78.4 | E15: 78.9 | F15: 79.2 | G15: 78.4 | H15: 80.7 | I15: 79
A16: South Carolina | B16: 75.1 | C16: 75.7 | D16: 75.1 | E16: 74 | F16: 74.2 | G16: 77.1 | H16: 77.1 | I16: 78.8
A17: Iowa | B17: 81.2 | C17: 80.2 | D17: 79 | E17: 78.7 | F17: 78.3 | G17: 79.7 | H17: 79.7 | I17: 78.2
A18: BYU | B18: 78.3 | C18: 78.9 | D18: 78.1 | E18: 78.1 | F18: 77.7 | G18: 78.5 | H18: 79.9 | I18: 77.6
A19: Texas A&M | B19: 82.8 | C19: 84.2 | D19: 81.6 | E19: 78.8 | F19: 80.6 | G19: 78.2 | H19: 77.8 | I19: 77.1
A20: Wake Forest | B20: 71 | C20: 69.8 | D20: 71.3 | E20: 72.1 | F20: 73.8 | G20: 75.6 | H20: 76.7 | I20: 76.7
A21: Nebraska | B21: 72.1 | C21: 72.6 | D21: 72.5 | E21: 73.7 | F21: 75.2 | G21: 76.7 | H21: 76.5 | I21: 76.6
A22: Louisville | B22: 74.7 | C22: 74.9 | D22: 75.6 | E22: 74.7 | F22: 74.6 | G22: 77.7 | H22: 76.3 | I22: 76.3
... A139: Sacramento State | B139: 41 | C139: 39.8 | D139: 41.5 | E139: 38.8 | F139: 38.8 | G139: 37 | H139: 36.6 | I139: 35.5

Sheet MW Team ATS
A1: MW Team ATS -- 2026 Season (graded vs. the real market line, not any model)
A3: Team | B3: ATS Record (C-L-P) | C3: Cover %
A4: Air Force | B4: 4-3-0 | C4: 0.571
A5: Hawai'i | B5: 4-4-0 | C5: 0.5
A6: Nevada | B6: 5-2-0 | C6: 0.714
A7: New Mexico | B7: 6-1-0 | C7: 0.857
A8: North Dakota State | B8: 3-5-0 | C8: 0.375
A9: Northern Illinois | B9: 1-6-0 | C9: 0.143
A10: San José State | B10: 4-4-0 | C10: 0.5
A11: UNLV | B11: 4-3-0 | C11: 0.571
A12: UTEP | B12: 1-6-0 | C12: 0.143
A13: Wyoming | B13: 4-4-0 | C13: 0.5
A16: Team | B16: Week | C16: Date | D16: Opponent | E16: Site | F16: Team's Spread | G16: Result (Margin) | H16: ATS Result | I16: Cover Margin
A17: Air Force | B17: 1 | C17: 2026-09-05 | D17: Duquesne | E17: Home | F17: -30 | G17: 34 | H17: Cover | I17: 4
A18: Air Force | B18: 2 | C18: 2026-09-13 | D18: North Dakota State | E18: Home | F18: 1.8 | G18: -6 | H18: No Cover | I18: -4.2
A19: Air Force | B19: 4 | C19: 2026-09-27 | D19: Nevada | E19: Away | F19: -5.2 | G19: 3 | H19: No Cover | I19: -2.2
A20: Air Force | B20: 5 | C20: 2026-10-03 | D20: Navy | E20: Home | F20: -2.8 | G20: 5 | H20: Cover | I20: 2.2
A21: Air Force | B21: 6 | C21: 2026-10-10 | D21: Northern Illinois | E21: Away | F21: -7 | G21: 21 | H21: Cover | I21: 14
A22: Air Force | B22: 7 | C22: 2026-10-17 | D22: UNLV | E22: Home | F22: -0.2 | G22: 10 | H22: Cover | I22: 9.8
A23: Air Force | B23: 8 | C23: 2026-10-24 | D23: Wyoming | E23: Away | F23: -7 | G23: -14 | H23: No Cover | I23: -21
A24: Hawai'i | B24: 1 | C24: 2026-08-29 | D24: Stanford | E24: Away | F24: 4.8 | G24: -10 | H24: No Cover | I24: -5.2
A25: Hawai'i | B25: 1 | C25: 2026-09-06 | D25: UNLV | E25: Home | F25: 2.8 | G25: -15 | H25: No Cover | I25: -12.2
A26: Hawai'i | B26: 2 | C26: 2026-09-13 | D26: New Mexico State | E26: Home | F26: -7.5 | G26: 10 | H26: Cover | I26: 2.5
A27: Hawai'i | B27: 4 | C27: 2026-09-26 | D27: Wyoming | E27: Away | F27: -2.2 | G27: -17 | H27: No Cover | I27: -19.2
A28: Hawai'i | B28: 5 | C28: 2026-10-04 | D28: San José State | E28: Home | F28: -2.8 | G28: -4 | H28: No Cover | I28: -6.8
... A90: Wyoming | B90: 8 | C90: 2026-10-24 | D90: Air Force | E90: Home | F90: 7 | G90: 14 | H90: Cover | I90: 21

Sheet Strength of Record
A1: Strength of Record -- 2026 Season (resets every season -- see column notes below)
A3: SOR = wins above what an exactly-average FBS team would've earned against this exact schedule. Rank Gap = Elo Rank minus SOR Rank -- a big positive number means the Elo rating (no preseason blend, so it's all this season's results) is running ahead of what the resume actually supports.
A5: Team | B5: W-L (FBS) | C5: SOR | D5: SOR Rank | E5: Elo Rating | F5: Elo Rank | G5: Rank Gap (Elo - SOR)
A6: UCLA | B6: 7-0 | C6: 3.7 | D6: 1 | E6: 1629.2 | F6: 38 | G6: 37
A7: Kentucky | B7: 6-1 | C7: 3.56 | D7: 2 | E7: 1634.9 | F7: 36 | G7: 34
A8: Indiana | B8: 6-1 | C8: 3.44 | D8: 3 | E8: 1849.2 | F8: 2 | G8: -1
A9: Miami | B9: 6-0 | C9: 3.38 | D9: 4 | E9: 1824.3 | F9: 3 | G9: -1
A10: UTSA | B10: 6-1 | C10: 3.19 | D10: 5 | E10: 1682.9 | F10: 21 | G10: 16
A11: Utah | B11: 6-0 | C11: 3.11 | D11: 6 | E11: 1774.3 | F11: 6 | G11: 0
A12: Ohio State | B12: 6-1 | C12: 3.03 | D12: 7 | E12: 1855.8 | F12: 1 | G12: -6
A13: Alabama | B13: 6-2 | C13: 3.03 | D13: 8 | E13: 1750.7 | F13: 10 | G13: 2
A14: Wake Forest | B14: 6-1 | C14: 2.99 | D14: 9 | E14: 1658.8 | F14: 27 | G14: 18
A15: Boise State | B15: 5-1 | C15: 2.87 | D15: 10 | E15: 1720 | F15: 15 | G15: 5
A16: BYU | B16: 5-1 | C16: 2.83 | D16: 11 | E16: 1742.3 | F16: 12 | G16: 1
A17: James Madison | B17: 6-1 | C17: 2.79 | D17: 12 | E17: 1764.1 | F17: 8 | G17: -4
... A241: Sacramento State | B241: 0-7 | C241: -3.44 | D241: 236 | E241: 1335.8 | F241: 246 | G241: 10

Sheet National Slate
A1: National Model ATS Record
A2: Metric | B2: Record (W-L-P) | C2: ATS %
A3: Rolling ATS (Season) | B3: 296-263-7 | C3: 0.53
A4: Weekly ATS (Wk 8) | B4: 25-31-0 | C4: 0.446
A5: Model pick W-L, straight-up (Wk 8) | B5: 31-25 | C5: 0.554
A7: Week 9
A8: Week | B8: Date | C8: Home Conf | D8: Away Conf | E8: Away Team | F8: Home Team | G8: Model Line (Home) | H8: Market Line (Home) | I8: Spread Edge (pts) | J8: Ridge Line (Home) | K8: Massey Line (Home) | L8: Model Total | M8: Market Total | N8: Total Edge (pts) | O8: Away Pts | P8: Home Pts | Q8: Model Result (SU) | R8: XGBoost Line (Home) | S8: Gamma ATS | T8: Ridge ATS | U8: XGBoost ATS | V8: Massey ATS
A9: 9 | B9: 2026-10-31 | C9: ACC | D9: ACC | E9: Boston College | F9: Duke | G9: -14.4 | H9: -7 | I9: 7.4 | J9: -11.3 | K9: -9.8 | L9: 51.3 | M9: 49.5 | N9: 1.8 | R9: -12.3
A10: 9 | B10: 2026-10-31 | C10: ACC | D10: ACC | E10: Clemson | F10: Florida State | G10: -4.9 | H10: -6 | I10: -1.1 | J10: 2.2 | K10: -8 | L10: 46 | M10: 49.5 | N10: -3.5 | R10: 0.9
A11: 9 | B11: 2026-10-31 | C11: ACC | D11: ACC | E11: Stanford | F11: Louisville | G11: -19.6 | H11: -22.5 | I11: -2.9 | J11: -14.9 | K11: -23.4 | L11: 56.2 | M11: 61.5 | N11: -5.3 | R11: -18
A12: 9 | B12: 2026-10-31 | C12: ACC | D12: ACC | E12: California | F12: NC State | G12: -11.5 | H12: -8.5 | I12: 3 | J12: -9 | K12: -9.7 | L12: 51.3 | M12: 57.5 | N12: -6.2 | R12: -10.2
A13: 9 | B13: 2026-10-31 | C13: ACC | D13: ACC | E13: Miami | F13: North Carolina | G13: 18.7 | H13: 14.5 | I13: -4.2 | J13: 18 | K13: 15.5 | L13: 48.9 | M13: 52.5 | N13: -3.6 | R13: 16.9
A14: 9 | B14: 2026-10-31 | C14: ACC | D14: ACC | E14: Georgia Tech | F14: Pittsburgh | G14: -11 | H14: -7.5 | I14: 3.5 | J14: -10.6 | K14: -17.8 | L14: 52.8 | M14: 53.5 | N14: -0.7 | R14: -6.9
A15: 9 | B15: 2026-10-31 | C15: ACC | D15: ACC | E15: SMU | F15: Syracuse | G15: 10.5 | H15: 8.5 | I15: -2 | J15: 12.8 | K15: 1.8 | L15: 49.3 | M15: 58.5 | N15: -9.2 | R15: 15.9
A16: 9 | B16: 2026-10-31 | C16: ACC | D16: ACC | E16: Virginia | F16: Wake Forest | G16: -9.5 | H16: -14 | I16: -4.5 | J16: -11.2 | K16: -11 | L16: 51.2 | M16: 49.5 | N16: 1.7 | R16: -9.2
A17: 9 | B17: 2026-10-29 | C17: American Athletic | D17: American Athletic | E17: Florida Atlantic | F17: North Texas | G17: -15.3 | H17: -13.5 | I17: 1.8 | J17: -8.4 | K17: -13.2 | L17: 63.9 | M17: 73.5 | N17: -9.6 | R17: -13.2
A18: 9 | B18: 2026-10-30 | C18: American Athletic | D18: American Athletic | E18: Tulane | F18: Charlotte | G18: 14 | H18: 10.5 | I18: -3.5 | J18: 15.7 | K18: 10.8 | L18: 50.9 | M18: 46.5 | N18: 4.4 | R18: 14.2
A19: 9 | B19: 2026-10-31 | C19: American Athletic | D19: American Athletic | E19: Temple | F19: East Carolina | G19: -9.2 | H19: -5.5 | I19: 3.7 | J19: -11.1 | K19: -3.7 | L19: 51.4 | M19: 50.5 | N19: 0.9 | R19: -8
A20: 9 | B20: 2026-10-31 | C20: American Athletic | D20: FBS Independents | E20: Notre Dame | F20: Navy | G20: 20 | H20: 29.5 | I20: 9.5 | J20: 23.7 | K20: 23.7 | L20: 55.8 | M20: 54.5 | N20: 1.3 | R20: 20.1
... A64: 9 | B64: 2026-10-31 | C64: Sun Belt | D64: Sun Belt | E64: Southern Miss | F64: UL Monroe | G64: 6.3 | H64: 3 | I64: -3.3 | J64: 5.3 | K64: 4.3 | L64: 52.6 | M64: 53.5 | N64: -0.9 | R64: 8
A66: Week 8
A67: Week | B67: Date | C67: Home Conf | D67: Away Conf | E67: Away Team | F67: Home Team | G67: Model Line (Home) | H67: Market Line (Home) | I67: Spread Edge (pts) | J67: Ridge Line (Home) | K67: Massey Line (Home) | L67: Model Total | M67: Market Total | N67: Total Edge (pts) | O67: Away Pts | P67: Home Pts | Q67: Model Result (SU) | R67: XGBoost Line (Home) | S67: Gamma ATS | T67: Ridge ATS | U67: XGBoost ATS | V67: Massey ATS
A68: 8 | B68: 2026-10-23 | C68: ACC | D68: ACC | E68: Duke | F68: Virginia | G68: 1.1 | H68: -2.5 | I68: -3.6 | J68: 4 | K68: -1 | L68: 52 | M68: 46.8 | N68: 5.3 | O68: 19 | P68: 16 | Q68: Win | R68: 5 | S68: Win | T68: Win | U68: Win | V68: Win
A69: 8 | B69: 2026-10-24 | C69: ACC | D69: ACC | E69: Virginia Tech | F69: Clemson | G69: -3.1 | H69: -2.5 | I69: 0.6 | J69: -6 | K69: 2.4 | L69: 45.1 | M69: 49.2 | N69: -4.1 | O69: 20 | P69: 16 | Q69: Loss | R69: -9.1 | S69: Loss | T69: Loss | U69: Loss | V69: Win
A70: 8 | B70: 2026-10-24 | C70: ACC | D70: ACC | E70: Boston College | F70: Georgia Tech | G70: -9.4 | H70: -6 | I70: 3.4 | J70: -5.6 | K70: -3.6 | L70: 50.9 | M70: 50.2 | N70: 0.6 | O70: 49 | P70: 27 | Q70: Loss | R70: -7.1 | S70: Loss | T70: Loss | U70: Loss | V70: Win
A71: 8 | B71: 2026-10-24 | C71: ACC | D71: ACC | E71: Pittsburgh | F71: Miami | G71: -23 | H71: -19.8 | I71: 3.2 | J71: -20.6 | K71: -14.3 | L71: 51.7 | M71: 48.8 | N71: 3 | O71: 23 | P71: 52 | Q71: Win | R71: -15.3 | S71: Win | T71: Win | U71: Loss | V71: Loss
A72: 8 | B72: 2026-10-24 | C72: ACC | D72: ACC | E72: Syracuse | F72: North Carolina | G72: -11.2 | H72: -9.2 | I72: 2 | J72: -8.7 | K72: -6.7 | L72: 44.4 | M72: 47.2 | N72: -2.8 | O72: 31 | P72: 30 | Q72: Loss | R72: -7.6 | S72: Loss | T72: Loss | U72: Win | V72: Win
A73: 8 | B73: 2026-10-24 | C73: ACC | D73: ACC | E73: California | F73: SMU | G73: -20.8 | H73: -19.2 | I73: 1.6 | J73: -19.2 | K73: -12 | L73: 49.5 | M73: 55.2 | N73: -5.8 | O73: 20 | P73: 59 | Q73: Win | R73: -15.8 | S73: Win | T73: Win | U73: Loss | V73: Loss
A74: 8 | B74: 2026-10-24 | C74: ACC | D74: ACC | E74: NC State | F74: Stanford | G74: 0.6 | H74: 7.5 | I74: 6.9 | J74: 4.5 | K74: 10.6 | L74: 55.2 | M74: 55.2 | N74: 0 | O74: 28 | P74: 31 | Q74: Loss | R74: 3.1 | S74: Win | T74: Win | U74: Win | V74: Loss
A75: 8 | B75: 2026-10-22 | C75: American Athletic | D75: American Athletic | E75: East Carolina | F75: Memphis | G75: -5.8 | H75: -10.5 | I75: -4.7 | J75: -7.2 | K75: -12.7 | L75: 49.1 | M75: 55.5 | N75: -6.4 | O75: 34 | P75: 41 | Q75: Win | R75: -5.3 | S75: Win | T75: Win | U75: Win | V75: Loss
A76: 8 | B76: 2026-10-24 | C76: American Athletic | D76: American Athletic | E76: Rice | F76: Florida Atlantic | G76: -9 | H76: -8.5 | I76: 0.5 | J76: -10.1 | K76: -10.5 | L76: 55.2 | M76: 53.8 | N76: 1.5 | O76: 49 | P76: 51 | Q76: Win | R76: -8.9 | S76: Loss | T76: Loss | U76: Loss | V76: Loss
A77: 8 | B77: 2026-10-24 | C77: American Athletic | D77: American Athletic | E77: North Texas | F77: Navy | G77: -5.8 | H77: 3 | I77: 8.8 | J77: 2.2 | K77: 4.7 | L77: 60.7 | M77: 62.2 | N77: -1.6 | O77: 49 | P77: 39 | Q77: Loss | R77: -0.6 | S77: Loss | T77: Win | U77: Loss | V77: Win
A78: 8 | B78: 2026-10-24 | C78: American Athletic | D78: American Athletic | E78: Army | F78: Tulsa | G78: 3.2 | H78: -1.2 | I78: -4.4 | J78: 2.4 | K78: 1.8 | L78: 56.2 | M78: 52.8 | N78: 3.4 | O78: 38 | P78: 35 | Q78: Win | R78: 7.9 | S78: Win | T78: Win | U78: Win | V78: Win
A79: 8 | B79: 2026-10-25 | C79: American Athletic | D79: American Athletic | E79: UTSA | F79: Tulane | G79: -1.4 | H79: 3 | I79: 4.4 | J79: 0.8 | K79: -1.1 | L79: 55.2 | M79: 51.5 | N79: 3.7 | O79: 42 | P79: 19 | Q79: Loss | R79: 0 | S79: Loss | T79: Loss | U79: Loss | V79: Loss
... A123: 8 | B123: 2026-10-24 | C123: Sun Belt | D123: Sun Belt | E123: UL Monroe | F123: Troy | G123: -13.9 | H123: -12.2 | I123: 1.7 | J123: -21.4 | K123: -16.3 | L123: 50.4 | M123: 50.2 | N123: 0.1 | O123: 21 | P123: 14 | Q123: Loss | R123: -16.4 | S123: Loss | T123: Loss | U123: Loss | V123: Loss
A125: Week 7
A126: Week | B126: Date | C126: Home Conf | D126: Away Conf | E126: Away Team | F126: Home Team | G126: Model Line (Home) | H126: Market Line (Home) | I126: Spread Edge (pts) | J126: Ridge Line (Home) | K126: Massey Line (Home) | L126: Model Total | M126: Market Total | N126: Total Edge (pts) | O126: Away Pts | P126: Home Pts | Q126: Model Result (SU) | R126: XGBoost Line (Home) | S126: Gamma ATS | T126: Ridge ATS | U126: XGBoost ATS | V126: Massey ATS
A127: 7 | B127: 2026-10-17 | C127: ACC | D127: ACC | E127: Pittsburgh | F127: Boston College | G127: 7.7 | H127: 6.2 | I127: -1.5 | J127: 10 | K127: 17.1 | L127: 46.8 | M127: 42.5 | N127: 4.3 | O127: 21 | P127: 27 | Q127: Loss | R127: 10.8 | S127: Loss | T127: Loss | U127: Loss | V127: Loss
A128: 7 | B128: 2026-10-17 | C128: ACC | D128: OVC | E128: Charleston Southern | F128: Clemson | G128: -45.1 | J128: -26.8 | K128: -15.6 | L128: 56.5 | O128: 0 | P128: 37 | Q128: Win | R128: -35.9
A129: 7 | B129: 2026-10-17 | C129: ACC | D129: ACC | E129: North Carolina | F129: Duke | G129: -13.1 | H129: -3 | I129: 10.1 | J129: -9.2 | K129: -3 | L129: 50.3 | M129: 47.5 | N129: 2.8 | O129: 24 | P129: 20 | Q129: Loss | R129: -7.1 | S129: Loss | T129: Loss | U129: Loss | V129: Loss
A130: 7 | B130: 2026-10-17 | C130: ACC | D130: ACC | E130: Florida State | F130: Miami | G130: -21.8 | H130: -21.5 | I130: 0.3 | J130: -22.1 | K130: -20.8 | L130: 54.1 | M130: 56.5 | N130: -2.4 | O130: 35 | P130: 43 | Q130: Win | R130: -18.6 | S130: Loss | T130: Loss | U130: Win | V130: Loss
A131: 7 | B131: 2026-10-17 | C131: ACC | D131: ACC | E131: Virginia | F131: SMU | G131: -4.7 | H131: -9.5 | I131: -4.8 | J131: -13.3 | K131: 0.5 | L131: 49.6 | M131: 51.8 | N131: -2.1 | O131: 13 | P131: 23 | Q131: Win | R131: -13.7 | S131: Loss | T131: Win | U131: Win | V131: Loss
A132: 7 | B132: 2026-10-17 | C132: ACC | D132: Coastal Athletic | E132: Elon | F132: Stanford | G132: -37.1 | J132: -22.2 | K132: 6.9 | L132: 57.8 | O132: 7 | P132: 34 | Q132: Win | R132: -26.4
A133: 7 | B133: 2026-10-17 | C133: ACC | D133: ACC | E133: Louisville | F133: Syracuse | G133: 18.5 | H133: 15.2 | I133: -3.3 | J133: 8.3 | K133: 0.4 | L133: 52.7 | M133: 55.8 | N133: -3 | O133: 34 | P133: 26 | Q133: Win | R133: 7 | S133: Loss | T133: Win | U133: Win | V133: Win
A134: 7 | B134: 2026-10-17 | C134: ACC | D134: ACC | E134: Georgia Tech | F134: Virginia Tech | G134: -2.2 | H134: -10 | I134: -7.8 | J134: -6.1 | K134: -14.8 | L134: 52.8 | M134: 55.8 | N134: -3 | O134: 24 | P134: 34 | Q134: Win | R134: -8.2 | S134: Push | T134: Push | U134: Push | V134: Push
A135: 7 | B135: 2026-10-18 | C135: ACC | D135: ACC | E135: Wake Forest | F135: California | G135: 12.6 | H135: 9.5 | I135: -3.1 | J135: 5.7 | K135: 9.9 | L135: 50.9 | M135: 53.5 | N135: -2.6 | O135: 41 | P135: 7 | Q135: Win | R135: 6.1 | S135: Win | T135: Loss | U135: Loss | V135: Win
A136: 7 | B136: 2026-10-15 | C136: American Athletic | D136: American Athletic | E136: East Carolina | F136: UAB | G136: 9.1 | H136: 5.5 | I136: -3.6 | J136: 5.1 | K136: 1.9 | L136: 47.2 | M136: 48.2 | N136: -1.1 | O136: 17 | P136: 30 | Q136: Loss | R136: 6.3 | S136: Loss | T136: Loss | U136: Loss | V136: Win
A137: 7 | B137: 2026-10-16 | C137: American Athletic | D137: American Athletic | E137: Memphis | F137: Tulane | G137: 2.3 | H137: 7 | I137: 4.7 | J137: -0.2 | K137: 8.2 | L137: 56.4 | M137: 55.5 | N137: 0.9 | O137: 17 | P137: 31 | Q137: Loss | R137: -2.8 | S137: Win | T137: Win | U137: Win | V137: Loss
A138: 7 | B138: 2026-10-17 | C138: American Athletic | D138: American Athletic | E138: Florida Atlantic | F138: Army | G138: -9.5 | H138: -2.8 | I138: 6.7 | J138: -2.9 | K138: -6 | L138: 59.7 | M138: 54.8 | N138: 5 | O138: 24 | P138: 56 | Q138: Win | R138: -12.1 | S138: Win | T138: Win | U138: Win | V138: Win
A139: 7 | B139: 2026-10-17 | C139: American Athletic | D139: American Athletic | E139: Tulsa | F139: Rice | G139: 3 | H139: 4 | I139: 1 | J139: -1.8 | K139: 6.6 | L139: 47.9 | M139: 46.5 | N139: 1.4 | O139: 38 | P139: 17 | Q139: Win | R139: 0.7 | S139: Loss | T139: Loss | U139: Loss | V139: Win
A140: 7 | B140: 2026-10-17 | C140: American Athletic | D140: Mid-American | E140: Kent State | F140: South Florida | G140: -19.7 | H140: -20.8 | I140: -1.1 | J140: -22.4 | K140: -20.5 | L140: 52.2 | M140: 45.5 | N140: 6.7 | O140: 2 | P140: 29 | Q140: Win | R140: -15.2 | S140: Loss | T140: Win | U140: Loss | V140: Win
A141: 7 | B141: 2026-10-17 | C141: American Athletic | D141: American Athletic | E141: Charlotte | F141: Temple | G141: -12.1 | H141: -20.8 | I141: -8.7 | J141: -12.7 | K141: -19.8 | L141: 53.7 | M141: 46.8 | N141: 7 | O141: 38 | P141: 31 | Q141: Loss | R141: -10.6 | S141: Win | T141: Win | U141: Win | V141: Win
A142: 7 | B142: 2026-10-18 | C142: American Athletic | D142: American Athletic | E142: Navy | F142: UTSA | G142: -3.3 | H142: -6.8 | I142: -3.5 | J142: -12.7 | K142: -5.6 | L142: 57 | M142: 55.5 | N142: 1.5 | O142: 34 | P142: 38 | Q142: Win | R142: -12.5 | S142: Win | T142: Loss | U142: Loss | V142: Win
A143: 7 | B143: 2026-10-17 | C143: Big 12 | D143: FBS Independents | E143: Notre Dame | F143: BYU | G143: 6.2 | H143: 10.5 | I143: 4.3 | J143: -6.9 | K143: 6.2 | L143: 54.1 | M143: 46.5 | N143: 7.6 | O143: 24 | P143: 28 | Q143: Loss | R143: 1.5 | S143: Win | T143: Win | U143: Win | V143: Win
A144: 7 | B144: 2026-10-17 | C144: Big 12 | D144: Big 12 | E144: TCU | F144: Baylor | G144: -3.6 | H144: -6 | I144: -2.4 | J144: -5 | K144: -6.4 | L144: 48.4 | M144: 48.2 | N144: 0.1 | O144: 17 | P144: 6 | Q144: Loss | R144: -1.5 | S144: Win | T144: Win | U144: Win | V144: Loss
... A180: 7 | B180: 2026-10-17 | C180: SEC | D180: SEC | E180: Florida | F180: Texas | G180: -21.4 | H180: -11.2 | I180: 10.2 | J180: -17.3 | K180: -6.7 | L180: 47.8 | M180: 51.5 | N180: -3.7 | O180: 27 | P180: 24 | Q180: Loss | R180: -17.2 | S180: Loss | T180: Loss | U180: Loss | V180: Win
A181: 7 | B181: 2026-10-17 | C181: SEC | D181: Southern | E181: The Citadel | F181: Texas A&M | G181: -54.8 | J181: -24.2 | K181: -17.8 | L181: 56.7 | O181: 0 | P181: 41 | Q181: Win | R181: -30.9
A182: 7 | B182: 2026-10-17 | C182: SEC | D182: SEC | E182: Arkansas | F182: Vanderbilt | G182: -15.3 | H182: -6.2 | I182: 9.1 | J182: -11.2 | K182: -1 | L182: 50.5 | M182: 49.8 | N182: 0.8 | O182: 31 | P182: 21 | Q182: Loss | R182: -9.3 | S182: Loss | T182: Loss | U182: Loss | V182: Win
A183: 7 | B183: 2026-10-15 | C183: Sun Belt | D183: Sun Belt | E183: Georgia Southern | F183: Old Dominion | G183: -12.2 | H183: 3.5 | I183: 15.7 | J183: -3.2 | K183: 5.5 | L183: 46.4 | M183: 46.8 | N183: -0.3 | O183: 23 | P183: 15 | Q183: Loss | R183: -4.3 | S183: Loss | T183: Loss | U183: Loss | V183: Win
A184: 7 | B184: 2026-10-17 | C184: Sun Belt | D184: Sun Belt | E184: App State | F184: Coastal Carolina | G184: -2.3 | H184: 1.2 | I184: 3.5 | J184: 4.3 | K184: -1 | L184: 53.4 | M184: 49.2 | N184: 4.2 | O184: 35 | P184: 32 | Q184: Loss | R184: 5.2 | S184: Loss | T184: Win | U184: Win | V184: Loss
A185: 7 | B185: 2026-10-17 | C185: Sun Belt | D185: Sun Belt | E185: Georgia State | F185: James Madison | G185: -18.3 | H185: -12 | I185: 6.3 | J185: -19.6 | K185: -7 | L185: 54.5 | M185: 57.8 | N185: -3.3 | O185: 22 | P185: 49 | Q185: Win | R185: -22.7 | S185: Win | T185: Win | U185: Win | V185: Loss
A186: 7 | B186: 2026-10-17 | C186: Sun Belt | D186: Sun Belt | E186: Troy | F186: Louisiana | G186: -4.2 | H186: -4 | I186: 0.2 | J186: -6.3 | K186: -4.6 | L186: 51 | M186: 49.2 | N186: 1.8 | O186: 6 | P186: 33 | Q186: Win | R186: -4.7 | S186: Win | T186: Win | U186: Win | V186: Win
A187: 7 | B187: 2026-10-17 | C187: Sun Belt | D187: Sun Belt | E187: Arkansas State | F187: Southern Miss | G187: 1.9 | H187: 7 | I187: 5.1 | J187: 3.8 | K187: 3 | L187: 57.9 | M187: 62.2 | N187: -4.4 | O187: 23 | P187: 13 | Q187: Win | R187: 2.3 | S187: Loss | T187: Loss | U187: Loss | V187: Loss
A188: 7 | B188: 2026-10-18 | C188: Sun Belt | D188: Sun Belt | E188: Louisiana Tech | F188: UL Monroe | G188: 16.2 | H188: 15.5 | I188: -0.7 | J188: 14.4 | K188: 17.6 | L188: 52.1 | M188: 57.5 | N188: -5.4 | O188: 24 | P188: 0 | Q188: Win | R188: 19.9 | S188: Win | T188: Loss | U188: Win | V188: Win
A190: Week 6
A191: Week | B191: Date | C191: Home Conf | D191: Away Conf | E191: Away Team | F191: Home Team | G191: Model Line (Home) | H191: Market Line (Home) | I191: Spread Edge (pts) | J191: Ridge Line (Home) | K191: Massey Line (Home) | L191: Model Total | M191: Market Total | N191: Total Edge (pts) | O191: Away Pts | P191: Home Pts | Q191: Model Result (SU) | R191: XGBoost Line (Home) | S191: Gamma ATS | T191: Ridge ATS | U191: XGBoost ATS | V191: Massey ATS
A192: 6 | B192: 2026-10-09 | C192: ACC | D192: ACC | E192: Florida State | F192: Louisville | G192: 0.2 | H192: -3.5 | I192: -3.7 | J192: -6.4 | K192: 0.7 | L192: 56.7 | M192: 59.5 | N192: -2.8 | O192: 20 | P192: 44 | Q192: Loss | R192: -4.2 | S192: Loss | T192: Win | U192: Win | V192: Loss
A193: 6 | B193: 2026-10-10 | C193: ACC | D193: ACC | E193: Virginia Tech | F193: California | G193: 5.3 | H193: 10 | I193: 4.7 | J193: 6.7 | K193: 11.5 | L193: 47.2 | M193: 53.5 | N193: -6.3 | O193: 20 | P193: 25 | Q193: Loss | R193: 5 | S193: Win | T193: Win | U193: Win | V193: Loss
A194: 6 | B194: 2026-10-10 | C194: ACC | D194: ACC | E194: Duke | F194: Georgia Tech | G194: 7.4 | H194: 6.5 | I194: -0.9 | J194: 7.6 | K194: 11.1 | L194: 54.5 | M194: 43.5 | N194: 11 | O194: 25 | P194: 28 | Q194: Loss | R194: 6.3 | S194: Loss | T194: Loss | U194: Loss | V194: Loss
A195: 6 | B195: 2026-10-10 | C195: ACC | D195: ACC | E195: Wake Forest | F195: NC State | G195: 3.8 | H195: 3.5 | I195: -0.3 | J195: -5.7 | K195: 0.6 | L195: 56.9 | M195: 59.5 | N195: -2.6 | O195: 38 | P195: 14 | Q195: Win | R195: 0.3 | S195: Win | T195: Loss | U195: Loss | V195: Loss
A196: 6 | B196: 2026-10-10 | C196: ACC | D196: ACC | E196: North Carolina | F196: Pittsburgh | G196: -6.8 | H196: -3.8 | I196: 3 | J196: -10.6 | K196: -15.4 | L196: 49 | M196: 47.2 | N196: 1.8 | O196: 21 | P196: 17 | Q196: Loss | R196: -12 | S196: Loss | T196: Loss | U196: Loss | V196: Loss
A197: 6 | B197: 2026-10-10 | C197: ACC | D197: ACC | E197: Syracuse | F197: Virginia | G197: -20.5 | H197: -9.8 | I197: 10.7 | J197: -4.2 | K197: -5.7 | L197: 44.5 | M197: 50.5 | N197: -6 | O197: 25 | P197: 28 | Q197: Win | R197: -3.7 | S197: Loss | T197: Win | U197: Win | V197: Win
A198: 6 | B198: 2026-10-08 | C198: American Athletic | D198: American Athletic | E198: South Florida | F198: UTSA | G198: -3.1 | H198: -5.5 | I198: -2.4 | J198: -6.8 | K198: -1.2 | L198: 55.6 | M198: 49.5 | N198: 6.1 | O198: 24 | P198: 31 | Q198: Win | R198: -8.1 | S198: Loss | T198: Win | U198: Win | V198: Loss
A199: 6 | B199: 2026-10-10 | C199: American Athletic | D199: American Athletic | E199: Tulane | F199: Army | G199: -4 | H199: -3 | I199: 1 | J199: 3.8 | K199: -12 | L199: 57.7 | M199: 48.5 | N199: 9.2 | O199: 17 | P199: 20 | Q199: Win | R199: -4.1 | S199: Push | T199: Push | U199: Push | V199: Push
A200: 6 | B200: 2026-10-10 | C200: American Athletic | D200: American Athletic | E200: Rice | F200: East Carolina | G200: -16.6 | H200: -10 | I200: 6.6 | J200: -10.5 | K200: -8.5 | L200: 47.1 | M200: 47.2 | N200: -0.2 | O200: 12 | P200: 28 | Q200: Win | R200: -10.9 | S200: Win | T200: Win | U200: Win | V200: Loss
A201: 6 | B201: 2026-10-10 | C201: American Athletic | D201: American Athletic | E201: UAB | F201: Memphis | G201: -14.8 | H201: -14 | I201: 0.8 | J201: -12.8 | K201: -14.4 | L201: 56.8 | M201: 53 | N201: 3.8 | O201: 13 | P201: 38 | Q201: Win | R201: -11.7 | S201: Win | T201: Loss | U201: Loss | V201: Win
A202: 6 | B202: 2026-10-10 | C202: American Athletic | D202: American Athletic | E202: Tulsa | F202: Navy | G202: -14.6 | H202: -1.8 | I202: 12.8 | J202: -5.8 | K202: 1.8 | L202: 51.5 | M202: 48.8 | N202: 2.8 | O202: 26 | P202: 34 | Q202: Win | R202: -5.6 | S202: Win | T202: Win | U202: Win | V202: Loss
A203: 6 | B203: 2026-10-10 | C203: American Athletic | D203: American Athletic | E203: Charlotte | F203: North Texas | G203: -24.7 | H203: -28.2 | I203: -3.5 | J203: -21 | K203: -24 | L203: 56.5 | M203: 57.8 | N203: -1.2 | O203: 10 | P203: 50 | Q203: Win | R203: -26.1 | S203: Loss | T203: Loss | U203: Loss | V203: Loss
... A249: 6 | B249: 2026-10-10 | C249: Sun Belt | D249: Sun Belt | E249: Coastal Carolina | F249: Marshall | G249: -4 | H249: -4 | I249: 0 | J249: -15.7 | K249: 3.4 | L249: 60.7 | M249: 58.8 | N249: 2 | O249: 27 | P249: 21 | Q249: Loss | R249: -13.8 | S249: Loss | T249: Loss | U249: Loss | V249: Win
A251: Week 5
A252: Week | B252: Date | C252: Home Conf | D252: Away Conf | E252: Away Team | F252: Home Team | G252: Model Line (Home) | H252: Market Line (Home) | I252: Spread Edge (pts) | J252: Ridge Line (Home) | K252: Massey Line (Home) | L252: Model Total | M252: Market Total | N252: Total Edge (pts) | O252: Away Pts | P252: Home Pts | Q252: Model Result (SU) | R252: XGBoost Line (Home) | S252: Gamma ATS | T252: Ridge ATS | U252: XGBoost ATS | V252: Massey ATS
A253: 5 | B253: 2026-10-02 | C253: ACC | D253: ACC | E253: Pittsburgh | F253: Virginia Tech | G253: -3.8 | H253: -1.5 | I253: 2.3 | J253: -1.3 | K253: 3.2 | L253: 51.2 | M253: 53.2 | N253: -2.1 | O253: 35 | P253: 33 | Q253: Loss | R253: -0.1 | S253: Loss | T253: Loss | U253: Win | V253: Win
A254: 5 | B254: 2026-10-03 | C254: ACC | D254: ACC | E254: Miami | F254: Clemson | G254: 14 | H254: 14.8 | I254: 0.8 | J254: 8.2 | K254: 18.5 | L254: 47.3 | M254: 48.5 | N254: -1.2 | O254: 41 | P254: 13 | Q254: Win | R254: 5.4 | S254: Win | T254: Loss | U254: Loss | V254: Win
A255: 5 | B255: 2026-10-03 | C255: ACC | D255: ACC | E255: Virginia | F255: Florida State | G255: 5.2 | H255: 1.2 | I255: -4 | J255: -0.7 | K255: 8.9 | L255: 51.6 | M255: 51.5 | N255: 0.1 | O255: 7 | P255: 38 | Q255: Loss | R255: 0.6 | S255: Loss | T255: Win | U255: Loss | V255: Loss
A256: 5 | B256: 2026-10-03 | C256: ACC | D256: ACC | E256: Louisville | F256: NC State | G256: -2.6 | H256: 4.2 | I256: 6.8 | J256: 1.4 | K256: -4.4 | L256: 57.3 | M256: 57 | N256: 0.3 | O256: 28 | P256: 31 | Q256: Win | R256: -1.9 | S256: Win | T256: Win | U256: Win | V256: Win
A257: 5 | B257: 2026-10-03 | C257: ACC | D257: FBS Independents | E257: Notre Dame | F257: North Carolina | G257: 21.5 | H257: 21 | I257: -0.5 | J257: 11.2 | K257: 14.4 | L257: 48.3 | M257: 46.5 | N257: 1.8 | O257: 37 | P257: 26 | Q257: Win | R257: 17.1 | S257: Loss | T257: Win | U257: Win | V257: Win
A258: 5 | B258: 2026-10-03 | C258: ACC | D258: ACC | E258: Boston College | F258: SMU | G258: -16.5 | H258: -21.5 | I258: -5 | J258: -19.4 | K258: -10.1 | L258: 48.2 | M258: 55.2 | N258: -7 | O258: 16 | P258: 25 | Q258: Win | R258: -20.2 | S258: Win | T258: Win | U258: Win | V258: Win
A259: 5 | B259: 2026-10-03 | C259: ACC | D259: ACC | E259: Stanford | F259: Wake Forest | G259: -15.3 | H259: -14.5 | I259: 0.8 | J259: -7.6 | K259: -13.5 | L259: 56.1 | M259: 54.2 | N259: 1.9 | O259: 3 | P259: 57 | Q259: Win | R259: -5.9 | S259: Win | T259: Loss | U259: Loss | V259: Loss
A260: 5 | B260: 2026-10-02 | C260: American Athletic | D260: American Athletic | E260: North Texas | F260: Tulsa | G260: 7.3 | H260: 2 | I260: -5.3 | J260: 4.4 | K260: -3.1 | L260: 56.4 | M260: 56.8 | N260: -0.4 | O260: 45 | P260: 44 | Q260: Win | R260: 1.9 | S260: Loss | T260: Loss | U260: Loss | V260: Win
A261: 5 | B261: 2026-10-03 | C261: American Athletic | D261: American Athletic | E261: Memphis | F261: Charlotte | G261: 20.3 | H261: 19.5 | I261: -0.8 | J261: 17.4 | K261: 9.7 | L261: 54.4 | M261: 52.2 | N261: 2.2 | O261: 59 | P261: 8 | Q261: Win | R261: 19.1 | S261: Win | T261: Loss | U261: Win | V261: Loss
A262: 5 | B262: 2026-10-03 | C262: American Athletic | D262: SWAC | E262: Texas Southern | F262: Florida Atlantic | G262: -27.8 | H262: -45.8 | I262: -18 | J262: -18.2 | K262: -20.2 | L262: 56.5 | M262: 62 | N262: -5.5 | O262: 10 | P262: 66 | Q262: Win | R262: -31.9 | S262: Loss | T262: Loss | U262: Loss | V262: Loss
A263: 5 | B263: 2026-10-03 | C263: American Athletic | D263: American Athletic | E263: UTSA | F263: Rice | G263: 13.7 | H263: 12 | I263: -1.7 | J263: 10.3 | K263: 9.9 | L263: 55 | M263: 56.2 | N263: -1.2 | O263: 16 | P263: 14 | Q263: Win | R263: 15.2 | S263: Loss | T263: Win | U263: Loss | V263: Win
A264: 5 | B264: 2026-10-03 | C264: American Athletic | D264: American Athletic | E264: Temple | F264: South Florida | G264: -11.6 | H264: -5.5 | I264: 6.1 | J264: -14.1 | K264: -6.8 | L264: 58.3 | M264: 49.5 | N264: 8.8 | O264: 17 | P264: 13 | Q264: Loss | R264: -11.2 | S264: Loss | T264: Loss | U264: Loss | V264: Loss
... A311: 5 | B311: 2026-10-04 | C311: Sun Belt | D311: Sun Belt | E311: Arkansas State | F311: Louisiana | G311: -6.1 | H311: -5.2 | I311: 0.9 | J311: -7.4 | K311: -9.3 | L311: 51.4 | M311: 49 | N311: 2.4 | O311: 20 | P311: 23 | Q311: Win | R311: -6.1 | S311: Loss | T311: Loss | U311: Loss | V311: Loss

Sheet ACC Slate
A1: ACC Model ATS Record
A2: Metric | B2: Record (W-L-P) | C2: ATS %
A3: Rolling ATS (Season) | B3: 45-38-2 | C3: 0.542
A4: Weekly ATS (Wk 8) | B4: 4-3-0 | C4: 0.571
A5: Model pick W-L, straight-up (Wk 8) | B5: 3-4 | C5: 0.429
A7: ACC Standings
A8: Team | B8: Conf W | C8: Conf L | D8: Conf Pct | E8: Overall W | F8: Overall L
A9: Miami | B9: 5 | C9: 0 | D9: 1 | E9: 7 | F9: 0
A10: SMU | B10: 4 | C10: 1 | D10: 0.8 | E10: 6 | F10: 1
A11: Wake Forest | B11: 4 | C11: 1 | D11: 0.8 | E11: 6 | F11: 1
A12: Virginia Tech | B12: 3 | C12: 2 | D12: 0.6 | E12: 6 | F12: 2
A13: Louisville | B13: 3 | C13: 2 | D13: 0.6 | E13: 4 | F13: 3
A14: Duke | B14: 2 | C14: 2 | D14: 0.5 | E14: 5 | F14: 2
A15: Boston College | B15: 2 | C15: 2 | D15: 0.5 | E15: 4 | F15: 3
A16: Clemson | B16: 2 | C16: 2 | D16: 0.5 | E16: 4 | F16: 3
A17: North Carolina | B17: 2 | C17: 2 | D17: 0.5 | E17: 4 | F17: 3
A18: Pittsburgh | B18: 2 | C18: 3 | D18: 0.4 | E18: 5 | F18: 3
A19: Stanford | B19: 2 | C19: 3 | D19: 0.4 | E19: 4 | F19: 4
A20: Virginia | B20: 2 | C20: 3 | D20: 0.4 | E20: 4 | F20: 4
... A25: Syracuse | B25: 1 | C25: 4 | D25: 0.2 | E25: 3 | F25: 4
A27: Week 9
A28: Week | B28: Date | C28: Home Conf | D28: Away Conf | E28: Away Team | F28: Home Team | G28: Model Line (Home) | H28: Market Line (Home) | I28: Spread Edge (pts) | J28: Ridge Line (Home) | K28: Massey Line (Home) | L28: Model Total | M28: Market Total | N28: Total Edge (pts) | O28: Away Pts | P28: Home Pts | Q28: Model Result (SU) | R28: XGBoost Line (Home) | S28: Gamma ATS | T28: Ridge ATS | U28: XGBoost ATS | V28: Massey ATS
A29: 9 | B29: 2026-10-31 | C29: ACC | D29: ACC | E29: Boston College | F29: Duke | G29: -14.4 | H29: -7 | I29: 7.4 | J29: -11.3 | K29: -9.8 | L29: 51.3 | M29: 49.5 | N29: 1.8 | R29: -12.3
A30: 9 | B30: 2026-10-31 | C30: ACC | D30: ACC | E30: Clemson | F30: Florida State | G30: -4.9 | H30: -6 | I30: -1.1 | J30: 2.2 | K30: -8 | L30: 46 | M30: 49.5 | N30: -3.5 | R30: 0.9
A31: 9 | B31: 2026-10-31 | C31: ACC | D31: ACC | E31: Stanford | F31: Louisville | G31: -19.6 | H31: -22.5 | I31: -2.9 | J31: -14.9 | K31: -23.4 | L31: 56.2 | M31: 61.5 | N31: -5.3 | R31: -18
A32: 9 | B32: 2026-10-31 | C32: ACC | D32: ACC | E32: California | F32: NC State | G32: -11.5 | H32: -8.5 | I32: 3 | J32: -9 | K32: -9.7 | L32: 51.3 | M32: 57.5 | N32: -6.2 | R32: -10.2
A33: 9 | B33: 2026-10-31 | C33: ACC | D33: ACC | E33: Miami | F33: North Carolina | G33: 18.7 | H33: 14.5 | I33: -4.2 | J33: 18 | K33: 15.5 | L33: 48.9 | M33: 52.5 | N33: -3.6 | R33: 16.9
A34: 9 | B34: 2026-10-31 | C34: ACC | D34: ACC | E34: Georgia Tech | F34: Pittsburgh | G34: -11 | H34: -7.5 | I34: 3.5 | J34: -10.6 | K34: -17.8 | L34: 52.8 | M34: 53.5 | N34: -0.7 | R34: -6.9
A35: 9 | B35: 2026-10-31 | C35: ACC | D35: ACC | E35: SMU | F35: Syracuse | G35: 10.5 | H35: 8.5 | I35: -2 | J35: 12.8 | K35: 1.8 | L35: 49.3 | M35: 58.5 | N35: -9.2 | R35: 15.9
A36: 9 | B36: 2026-10-31 | C36: ACC | D36: ACC | E36: Virginia | F36: Wake Forest | G36: -9.5 | H36: -14 | I36: -4.5 | J36: -11.2 | K36: -11 | L36: 51.2 | M36: 49.5 | N36: 1.7 | R36: -9.2
A38: Week 8
A39: Week | B39: Date | C39: Home Conf | D39: Away Conf | E39: Away Team | F39: Home Team | G39: Model Line (Home) | H39: Market Line (Home) | I39: Spread Edge (pts) | J39: Ridge Line (Home) | K39: Massey Line (Home) | L39: Model Total | M39: Market Total | N39: Total Edge (pts) | O39: Away Pts | P39: Home Pts | Q39: Model Result (SU) | R39: XGBoost Line (Home) | S39: Gamma ATS | T39: Ridge ATS | U39: XGBoost ATS | V39: Massey ATS
A40: 8 | B40: 2026-10-23 | C40: ACC | D40: ACC | E40: Duke | F40: Virginia | G40: 1.1 | H40: -2.5 | I40: -3.6 | J40: 4 | K40: -1 | L40: 52 | M40: 46.8 | N40: 5.3 | O40: 19 | P40: 16 | Q40: Win | R40: 5 | S40: Win | T40: Win | U40: Win | V40: Win
A41: 8 | B41: 2026-10-24 | C41: ACC | D41: ACC | E41: Virginia Tech | F41: Clemson | G41: -3.1 | H41: -2.5 | I41: 0.6 | J41: -6 | K41: 2.4 | L41: 45.1 | M41: 49.2 | N41: -4.1 | O41: 20 | P41: 16 | Q41: Loss | R41: -9.1 | S41: Loss | T41: Loss | U41: Loss | V41: Win
A42: 8 | B42: 2026-10-24 | C42: ACC | D42: ACC | E42: Boston College | F42: Georgia Tech | G42: -9.4 | H42: -6 | I42: 3.4 | J42: -5.6 | K42: -3.6 | L42: 50.9 | M42: 50.2 | N42: 0.6 | O42: 49 | P42: 27 | Q42: Loss | R42: -7.1 | S42: Loss | T42: Loss | U42: Loss | V42: Win
A43: 8 | B43: 2026-10-24 | C43: ACC | D43: ACC | E43: Pittsburgh | F43: Miami | G43: -23 | H43: -19.8 | I43: 3.2 | J43: -20.6 | K43: -14.3 | L43: 51.7 | M43: 48.8 | N43: 3 | O43: 23 | P43: 52 | Q43: Win | R43: -15.3 | S43: Win | T43: Win | U43: Loss | V43: Loss
A44: 8 | B44: 2026-10-24 | C44: ACC | D44: ACC | E44: Syracuse | F44: North Carolina | G44: -11.2 | H44: -9.2 | I44: 2 | J44: -8.7 | K44: -6.7 | L44: 44.4 | M44: 47.2 | N44: -2.8 | O44: 31 | P44: 30 | Q44: Loss | R44: -7.6 | S44: Loss | T44: Loss | U44: Win | V44: Win
A45: 8 | B45: 2026-10-24 | C45: ACC | D45: ACC | E45: California | F45: SMU | G45: -20.8 | H45: -19.2 | I45: 1.6 | J45: -19.2 | K45: -12 | L45: 49.5 | M45: 55.2 | N45: -5.8 | O45: 20 | P45: 59 | Q45: Win | R45: -15.8 | S45: Win | T45: Win | U45: Loss | V45: Loss
A46: 8 | B46: 2026-10-24 | C46: ACC | D46: ACC | E46: NC State | F46: Stanford | G46: 0.6 | H46: 7.5 | I46: 6.9 | J46: 4.5 | K46: 10.6 | L46: 55.2 | M46: 55.2 | N46: 0 | O46: 28 | P46: 31 | Q46: Loss | R46: 3.1 | S46: Win | T46: Win | U46: Win | V46: Loss
A48: Week 7
A49: Week | B49: Date | C49: Home Conf | D49: Away Conf | E49: Away Team | F49: Home Team | G49: Model Line (Home) | H49: Market Line (Home) | I49: Spread Edge (pts) | J49: Ridge Line (Home) | K49: Massey Line (Home) | L49: Model Total | M49: Market Total | N49: Total Edge (pts) | O49: Away Pts | P49: Home Pts | Q49: Model Result (SU) | R49: XGBoost Line (Home) | S49: Gamma ATS | T49: Ridge ATS | U49: XGBoost ATS | V49: Massey ATS
A50: 7 | B50: 2026-10-17 | C50: ACC | D50: ACC | E50: Pittsburgh | F50: Boston College | G50: 7.7 | H50: 6.2 | I50: -1.5 | J50: 10 | K50: 17.1 | L50: 46.8 | M50: 42.5 | N50: 4.3 | O50: 21 | P50: 27 | Q50: Loss | R50: 10.8 | S50: Loss | T50: Loss | U50: Loss | V50: Loss
A51: 7 | B51: 2026-10-17 | C51: ACC | D51: OVC | E51: Charleston Southern | F51: Clemson | G51: -45.1 | J51: -26.8 | K51: -15.6 | L51: 56.5 | O51: 0 | P51: 37 | Q51: Win | R51: -35.9
A52: 7 | B52: 2026-10-17 | C52: ACC | D52: ACC | E52: North Carolina | F52: Duke | G52: -13.1 | H52: -3 | I52: 10.1 | J52: -9.2 | K52: -3 | L52: 50.3 | M52: 47.5 | N52: 2.8 | O52: 24 | P52: 20 | Q52: Loss | R52: -7.1 | S52: Loss | T52: Loss | U52: Loss | V52: Loss
A53: 7 | B53: 2026-10-17 | C53: ACC | D53: ACC | E53: Florida State | F53: Miami | G53: -21.8 | H53: -21.5 | I53: 0.3 | J53: -22.1 | K53: -20.8 | L53: 54.1 | M53: 56.5 | N53: -2.4 | O53: 35 | P53: 43 | Q53: Win | R53: -18.6 | S53: Loss | T53: Loss | U53: Win | V53: Loss
A54: 7 | B54: 2026-10-17 | C54: ACC | D54: ACC | E54: Virginia | F54: SMU | G54: -4.7 | H54: -9.5 | I54: -4.8 | J54: -13.3 | K54: 0.5 | L54: 49.6 | M54: 51.8 | N54: -2.1 | O54: 13 | P54: 23 | Q54: Win | R54: -13.7 | S54: Loss | T54: Win | U54: Win | V54: Loss
A55: 7 | B55: 2026-10-17 | C55: ACC | D55: Coastal Athletic | E55: Elon | F55: Stanford | G55: -37.1 | J55: -22.2 | K55: 6.9 | L55: 57.8 | O55: 7 | P55: 34 | Q55: Win | R55: -26.4
A56: 7 | B56: 2026-10-17 | C56: ACC | D56: ACC | E56: Louisville | F56: Syracuse | G56: 18.5 | H56: 15.2 | I56: -3.3 | J56: 8.3 | K56: 0.4 | L56: 52.7 | M56: 55.8 | N56: -3 | O56: 34 | P56: 26 | Q56: Win | R56: 7 | S56: Loss | T56: Win | U56: Win | V56: Win
A57: 7 | B57: 2026-10-17 | C57: ACC | D57: ACC | E57: Georgia Tech | F57: Virginia Tech | G57: -2.2 | H57: -10 | I57: -7.8 | J57: -6.1 | K57: -14.8 | L57: 52.8 | M57: 55.8 | N57: -3 | O57: 24 | P57: 34 | Q57: Win | R57: -8.2 | S57: Push | T57: Push | U57: Push | V57: Push
A58: 7 | B58: 2026-10-18 | C58: ACC | D58: ACC | E58: Wake Forest | F58: California | G58: 12.6 | H58: 9.5 | I58: -3.1 | J58: 5.7 | K58: 9.9 | L58: 50.9 | M58: 53.5 | N58: -2.6 | O58: 41 | P58: 7 | Q58: Win | R58: 6.1 | S58: Win | T58: Loss | U58: Loss | V58: Win
A60: Week 6
A61: Week | B61: Date | C61: Home Conf | D61: Away Conf | E61: Away Team | F61: Home Team | G61: Model Line (Home) | H61: Market Line (Home) | I61: Spread Edge (pts) | J61: Ridge Line (Home) | K61: Massey Line (Home) | L61: Model Total | M61: Market Total | N61: Total Edge (pts) | O61: Away Pts | P61: Home Pts | Q61: Model Result (SU) | R61: XGBoost Line (Home) | S61: Gamma ATS | T61: Ridge ATS | U61: XGBoost ATS | V61: Massey ATS
A62: 6 | B62: 2026-10-09 | C62: ACC | D62: ACC | E62: Florida State | F62: Louisville | G62: 0.2 | H62: -3.5 | I62: -3.7 | J62: -6.4 | K62: 0.7 | L62: 56.7 | M62: 59.5 | N62: -2.8 | O62: 20 | P62: 44 | Q62: Loss | R62: -4.2 | S62: Loss | T62: Win | U62: Win | V62: Loss
A63: 6 | B63: 2026-10-10 | C63: ACC | D63: ACC | E63: Virginia Tech | F63: California | G63: 5.3 | H63: 10 | I63: 4.7 | J63: 6.7 | K63: 11.5 | L63: 47.2 | M63: 53.5 | N63: -6.3 | O63: 20 | P63: 25 | Q63: Loss | R63: 5 | S63: Win | T63: Win | U63: Win | V63: Loss
A64: 6 | B64: 2026-10-10 | C64: ACC | D64: ACC | E64: Duke | F64: Georgia Tech | G64: 7.4 | H64: 6.5 | I64: -0.9 | J64: 7.6 | K64: 11.1 | L64: 54.5 | M64: 43.5 | N64: 11 | O64: 25 | P64: 28 | Q64: Loss | R64: 6.3 | S64: Loss | T64: Loss | U64: Loss | V64: Loss
A65: 6 | B65: 2026-10-10 | C65: ACC | D65: ACC | E65: Wake Forest | F65: NC State | G65: 3.8 | H65: 3.5 | I65: -0.3 | J65: -5.7 | K65: 0.6 | L65: 56.9 | M65: 59.5 | N65: -2.6 | O65: 38 | P65: 14 | Q65: Win | R65: 0.3 | S65: Win | T65: Loss | U65: Loss | V65: Loss
A66: 6 | B66: 2026-10-10 | C66: ACC | D66: ACC | E66: North Carolina | F66: Pittsburgh | G66: -6.8 | H66: -3.8 | I66: 3 | J66: -10.6 | K66: -15.4 | L66: 49 | M66: 47.2 | N66: 1.8 | O66: 21 | P66: 17 | Q66: Loss | R66: -12 | S66: Loss | T66: Loss | U66: Loss | V66: Loss
A67: 6 | B67: 2026-10-10 | C67: ACC | D67: ACC | E67: Syracuse | F67: Virginia | G67: -20.5 | H67: -9.8 | I67: 10.7 | J67: -4.2 | K67: -5.7 | L67: 44.5 | M67: 50.5 | N67: -6 | O67: 25 | P67: 28 | Q67: Win | R67: -3.7 | S67: Loss | T67: Win | U67: Win | V67: Win
A68: 6 | B68: 2026-10-10 | C68: FBS Independents | D68: ACC | E68: Stanford | F68: Notre Dame | G68: -29.8 | H68: -38.5 | I68: -8.7 | J68: -38.8 | K68: -36.8 | L68: 54.8 | M68: 54.5 | N68: 0.3 | O68: 7 | P68: 58 | Q68: Win | R68: -37.9 | S68: Loss | T68: Win | U68: Win | V68: Loss
A70: Week 5
A71: Week | B71: Date | C71: Home Conf | D71: Away Conf | E71: Away Team | F71: Home Team | G71: Model Line (Home) | H71: Market Line (Home) | I71: Spread Edge (pts) | J71: Ridge Line (Home) | K71: Massey Line (Home) | L71: Model Total | M71: Market Total | N71: Total Edge (pts) | O71: Away Pts | P71: Home Pts | Q71: Model Result (SU) | R71: XGBoost Line (Home) | S71: Gamma ATS | T71: Ridge ATS | U71: XGBoost ATS | V71: Massey ATS
A72: 5 | B72: 2026-10-02 | C72: ACC | D72: ACC | E72: Pittsburgh | F72: Virginia Tech | G72: -3.8 | H72: -1.5 | I72: 2.3 | J72: -1.3 | K72: 3.2 | L72: 51.2 | M72: 53.2 | N72: -2.1 | O72: 35 | P72: 33 | Q72: Loss | R72: -0.1 | S72: Loss | T72: Loss | U72: Win | V72: Win
A73: 5 | B73: 2026-10-03 | C73: ACC | D73: ACC | E73: Miami | F73: Clemson | G73: 14 | H73: 14.8 | I73: 0.8 | J73: 8.2 | K73: 18.5 | L73: 47.3 | M73: 48.5 | N73: -1.2 | O73: 41 | P73: 13 | Q73: Win | R73: 5.4 | S73: Win | T73: Loss | U73: Loss | V73: Win
A74: 5 | B74: 2026-10-03 | C74: ACC | D74: ACC | E74: Virginia | F74: Florida State | G74: 5.2 | H74: 1.2 | I74: -4 | J74: -0.7 | K74: 8.9 | L74: 51.6 | M74: 51.5 | N74: 0.1 | O74: 7 | P74: 38 | Q74: Loss | R74: 0.6 | S74: Loss | T74: Win | U74: Loss | V74: Loss
A75: 5 | B75: 2026-10-03 | C75: ACC | D75: ACC | E75: Louisville | F75: NC State | G75: -2.6 | H75: 4.2 | I75: 6.8 | J75: 1.4 | K75: -4.4 | L75: 57.3 | M75: 57 | N75: 0.3 | O75: 28 | P75: 31 | Q75: Win | R75: -1.9 | S75: Win | T75: Win | U75: Win | V75: Win
A76: 5 | B76: 2026-10-03 | C76: ACC | D76: FBS Independents | E76: Notre Dame | F76: North Carolina | G76: 21.5 | H76: 21 | I76: -0.5 | J76: 11.2 | K76: 14.4 | L76: 48.3 | M76: 46.5 | N76: 1.8 | O76: 37 | P76: 26 | Q76: Win | R76: 17.1 | S76: Loss | T76: Win | U76: Win | V76: Win
A77: 5 | B77: 2026-10-03 | C77: ACC | D77: ACC | E77: Boston College | F77: SMU | G77: -16.5 | H77: -21.5 | I77: -5 | J77: -19.4 | K77: -10.1 | L77: 48.2 | M77: 55.2 | N77: -7 | O77: 16 | P77: 25 | Q77: Win | R77: -20.2 | S77: Win | T77: Win | U77: Win | V77: Win
A78: 5 | B78: 2026-10-03 | C78: ACC | D78: ACC | E78: Stanford | F78: Wake Forest | G78: -15.3 | H78: -14.5 | I78: 0.8 | J78: -7.6 | K78: -13.5 | L78: 56.1 | M78: 54.2 | N78: 1.9 | O78: 3 | P78: 57 | Q78: Win | R78: -5.9 | S78: Win | T78: Loss | U78: Loss | V78: Loss
A79: 5 | B79: 2026-10-03 | C79: FBS Independents | D79: ACC | E79: Syracuse | F79: UConn | G79: -2.2 | H79: 6.5 | I79: 8.7 | J79: -9.9 | K79: -0.2 | L79: 47.9 | M79: 51 | N79: -3.1 | O79: 42 | P79: 41 | Q79: Loss | R79: -3.3 | S79: Win | T79: Win | U79: Win | V79: Win
A80: 5 | B80: 2026-10-03 | C80: Mountain West | D80: ACC | E80: California | F80: UNLV | G80: -3.3 | H80: -1.8 | I80: 1.5 | J80: -15.5 | K80: -0.8 | L80: 45.6 | M80: 52.2 | N80: -6.7 | O80: 31 | P80: 39 | Q80: Win | R80: -7.9 | S80: Win | T80: Win | U80: Win | V80: Loss

Sheet American Athletic Slate
A1: American Athletic Model ATS Record
A2: Metric | B2: Record (W-L-P) | C2: ATS %
A3: Rolling ATS (Season) | B3: 38-37-2 | C3: 0.507
A4: Weekly ATS (Wk 8) | B4: 2-3-0 | C4: 0.4
A5: Model pick W-L, straight-up (Wk 8) | B5: 3-2 | C5: 0.6
A7: American Athletic Standings
A8: Team | B8: Conf W | C8: Conf L | D8: Conf Pct | E8: Overall W | F8: Overall L
A9: UTSA | B9: 4 | C9: 0 | D9: 1 | E9: 7 | F9: 1
A10: North Texas | B10: 3 | C10: 0 | D10: 1 | E10: 5 | F10: 2
A11: Army | B11: 4 | C11: 1 | D11: 0.8 | E11: 5 | F11: 2
A12: Memphis | B12: 3 | C12: 1 | D12: 0.75 | E12: 6 | F12: 2
A13: Florida Atlantic | B13: 2 | C13: 1 | D13: 0.667 | E13: 5 | F13: 2
A14: UAB | B14: 2 | C14: 1 | D14: 0.667 | E14: 4 | F14: 3
A15: South Florida | B15: 1 | C15: 2 | D15: 0.333 | E15: 5 | F15: 2
A16: East Carolina | B16: 1 | C16: 2 | D16: 0.333 | E16: 3 | F16: 4
A17: Tulane | B17: 1 | C17: 2 | D17: 0.333 | E17: 3 | F17: 4
A18: Temple | B18: 1 | C18: 2 | D18: 0.333 | E18: 2 | F18: 5
A19: Charlotte | B19: 1 | C19: 2 | D19: 0.333 | E19: 1 | F19: 6
A20: Tulsa | B20: 1 | C20: 3 | D20: 0.25 | E20: 4 | F20: 4
... A22: Rice | B22: 0 | C22: 4 | D22: 0 | E22: 1 | F22: 7
A24: Week 9
A25: Week | B25: Date | C25: Home Conf | D25: Away Conf | E25: Away Team | F25: Home Team | G25: Model Line (Home) | H25: Market Line (Home) | I25: Spread Edge (pts) | J25: Ridge Line (Home) | K25: Massey Line (Home) | L25: Model Total | M25: Market Total | N25: Total Edge (pts) | O25: Away Pts | P25: Home Pts | Q25: Model Result (SU) | R25: XGBoost Line (Home) | S25: Gamma ATS | T25: Ridge ATS | U25: XGBoost ATS | V25: Massey ATS
A26: 9 | B26: 2026-10-29 | C26: American Athletic | D26: American Athletic | E26: Florida Atlantic | F26: North Texas | G26: -15.3 | H26: -13.5 | I26: 1.8 | J26: -8.4 | K26: -13.2 | L26: 63.9 | M26: 73.5 | N26: -9.6 | R26: -13.2
A27: 9 | B27: 2026-10-30 | C27: American Athletic | D27: American Athletic | E27: Tulane | F27: Charlotte | G27: 14 | H27: 10.5 | I27: -3.5 | J27: 15.7 | K27: 10.8 | L27: 50.9 | M27: 46.5 | N27: 4.4 | R27: 14.2
A28: 9 | B28: 2026-10-31 | C28: American Athletic | D28: American Athletic | E28: Temple | F28: East Carolina | G28: -9.2 | H28: -5.5 | I28: 3.7 | J28: -11.1 | K28: -3.7 | L28: 51.4 | M28: 50.5 | N28: 0.9 | R28: -8
A29: 9 | B29: 2026-10-31 | C29: American Athletic | D29: FBS Independents | E29: Notre Dame | F29: Navy | G29: 20 | H29: 29.5 | I29: 9.5 | J29: 23.7 | K29: 23.7 | L29: 55.8 | M29: 54.5 | N29: 1.3 | R29: 20.1
A30: 9 | B30: 2026-10-31 | C30: American Athletic | D30: American Athletic | E30: UAB | F30: South Florida | G30: -13.7 | H30: -7.5 | I30: 6.2 | J30: -8.3 | K30: -10.4 | L30: 50.9 | M30: 41.5 | N30: 9.4 | R30: -8.1
A31: 9 | B31: 2026-11-01 | C31: American Athletic | D31: American Athletic | E31: Army | F31: Memphis | G31: -4.6 | H31: -6.5 | I31: -1.9 | J31: -7 | K31: -1.1 | L31: 57.6 | M31: 58.5 | N31: -0.9 | R31: -5.6
A33: Week 8
A34: Week | B34: Date | C34: Home Conf | D34: Away Conf | E34: Away Team | F34: Home Team | G34: Model Line (Home) | H34: Market Line (Home) | I34: Spread Edge (pts) | J34: Ridge Line (Home) | K34: Massey Line (Home) | L34: Model Total | M34: Market Total | N34: Total Edge (pts) | O34: Away Pts | P34: Home Pts | Q34: Model Result (SU) | R34: XGBoost Line (Home) | S34: Gamma ATS | T34: Ridge ATS | U34: XGBoost ATS | V34: Massey ATS
A35: 8 | B35: 2026-10-22 | C35: American Athletic | D35: American Athletic | E35: East Carolina | F35: Memphis | G35: -5.8 | H35: -10.5 | I35: -4.7 | J35: -7.2 | K35: -12.7 | L35: 49.1 | M35: 55.5 | N35: -6.4 | O35: 34 | P35: 41 | Q35: Win | R35: -5.3 | S35: Win | T35: Win | U35: Win | V35: Loss
A36: 8 | B36: 2026-10-24 | C36: American Athletic | D36: American Athletic | E36: Rice | F36: Florida Atlantic | G36: -9 | H36: -8.5 | I36: 0.5 | J36: -10.1 | K36: -10.5 | L36: 55.2 | M36: 53.8 | N36: 1.5 | O36: 49 | P36: 51 | Q36: Win | R36: -8.9 | S36: Loss | T36: Loss | U36: Loss | V36: Loss
A37: 8 | B37: 2026-10-24 | C37: American Athletic | D37: American Athletic | E37: North Texas | F37: Navy | G37: -5.8 | H37: 3 | I37: 8.8 | J37: 2.2 | K37: 4.7 | L37: 60.7 | M37: 62.2 | N37: -1.6 | O37: 49 | P37: 39 | Q37: Loss | R37: -0.6 | S37: Loss | T37: Win | U37: Loss | V37: Win
A38: 8 | B38: 2026-10-24 | C38: American Athletic | D38: American Athletic | E38: Army | F38: Tulsa | G38: 3.2 | H38: -1.2 | I38: -4.4 | J38: 2.4 | K38: 1.8 | L38: 56.2 | M38: 52.8 | N38: 3.4 | O38: 38 | P38: 35 | Q38: Win | R38: 7.9 | S38: Win | T38: Win | U38: Win | V38: Win
A39: 8 | B39: 2026-10-25 | C39: American Athletic | D39: American Athletic | E39: UTSA | F39: Tulane | G39: -1.4 | H39: 3 | I39: 4.4 | J39: 0.8 | K39: -1.1 | L39: 55.2 | M39: 51.5 | N39: 3.7 | O39: 42 | P39: 19 | Q39: Loss | R39: 0 | S39: Loss | T39: Loss | U39: Loss | V39: Loss
A41: Week 7
A42: Week | B42: Date | C42: Home Conf | D42: Away Conf | E42: Away Team | F42: Home Team | G42: Model Line (Home) | H42: Market Line (Home) | I42: Spread Edge (pts) | J42: Ridge Line (Home) | K42: Massey Line (Home) | L42: Model Total | M42: Market Total | N42: Total Edge (pts) | O42: Away Pts | P42: Home Pts | Q42: Model Result (SU) | R42: XGBoost Line (Home) | S42: Gamma ATS | T42: Ridge ATS | U42: XGBoost ATS | V42: Massey ATS
A43: 7 | B43: 2026-10-15 | C43: American Athletic | D43: American Athletic | E43: East Carolina | F43: UAB | G43: 9.1 | H43: 5.5 | I43: -3.6 | J43: 5.1 | K43: 1.9 | L43: 47.2 | M43: 48.2 | N43: -1.1 | O43: 17 | P43: 30 | Q43: Loss | R43: 6.3 | S43: Loss | T43: Loss | U43: Loss | V43: Win
A44: 7 | B44: 2026-10-16 | C44: American Athletic | D44: American Athletic | E44: Memphis | F44: Tulane | G44: 2.3 | H44: 7 | I44: 4.7 | J44: -0.2 | K44: 8.2 | L44: 56.4 | M44: 55.5 | N44: 0.9 | O44: 17 | P44: 31 | Q44: Loss | R44: -2.8 | S44: Win | T44: Win | U44: Win | V44: Loss
A45: 7 | B45: 2026-10-17 | C45: American Athletic | D45: American Athletic | E45: Florida Atlantic | F45: Army | G45: -9.5 | H45: -2.8 | I45: 6.7 | J45: -2.9 | K45: -6 | L45: 59.7 | M45: 54.8 | N45: 5 | O45: 24 | P45: 56 | Q45: Win | R45: -12.1 | S45: Win | T45: Win | U45: Win | V45: Win
A46: 7 | B46: 2026-10-17 | C46: American Athletic | D46: American Athletic | E46: Tulsa | F46: Rice | G46: 3 | H46: 4 | I46: 1 | J46: -1.8 | K46: 6.6 | L46: 47.9 | M46: 46.5 | N46: 1.4 | O46: 38 | P46: 17 | Q46: Win | R46: 0.7 | S46: Loss | T46: Loss | U46: Loss | V46: Win
A47: 7 | B47: 2026-10-17 | C47: American Athletic | D47: Mid-American | E47: Kent State | F47: South Florida | G47: -19.7 | H47: -20.8 | I47: -1.1 | J47: -22.4 | K47: -20.5 | L47: 52.2 | M47: 45.5 | N47: 6.7 | O47: 2 | P47: 29 | Q47: Win | R47: -15.2 | S47: Loss | T47: Win | U47: Loss | V47: Win
A48: 7 | B48: 2026-10-17 | C48: American Athletic | D48: American Athletic | E48: Charlotte | F48: Temple | G48: -12.1 | H48: -20.8 | I48: -8.7 | J48: -12.7 | K48: -19.8 | L48: 53.7 | M48: 46.8 | N48: 7 | O48: 38 | P48: 31 | Q48: Loss | R48: -10.6 | S48: Win | T48: Win | U48: Win | V48: Win
A49: 7 | B49: 2026-10-18 | C49: American Athletic | D49: American Athletic | E49: Navy | F49: UTSA | G49: -3.3 | H49: -6.8 | I49: -3.5 | J49: -12.7 | K49: -5.6 | L49: 57 | M49: 55.5 | N49: 1.5 | O49: 34 | P49: 38 | Q49: Win | R49: -12.5 | S49: Win | T49: Loss | U49: Loss | V49: Win
A51: Week 6
A52: Week | B52: Date | C52: Home Conf | D52: Away Conf | E52: Away Team | F52: Home Team | G52: Model Line (Home) | H52: Market Line (Home) | I52: Spread Edge (pts) | J52: Ridge Line (Home) | K52: Massey Line (Home) | L52: Model Total | M52: Market Total | N52: Total Edge (pts) | O52: Away Pts | P52: Home Pts | Q52: Model Result (SU) | R52: XGBoost Line (Home) | S52: Gamma ATS | T52: Ridge ATS | U52: XGBoost ATS | V52: Massey ATS
A53: 6 | B53: 2026-10-08 | C53: American Athletic | D53: American Athletic | E53: South Florida | F53: UTSA | G53: -3.1 | H53: -5.5 | I53: -2.4 | J53: -6.8 | K53: -1.2 | L53: 55.6 | M53: 49.5 | N53: 6.1 | O53: 24 | P53: 31 | Q53: Win | R53: -8.1 | S53: Loss | T53: Win | U53: Win | V53: Loss
A54: 6 | B54: 2026-10-10 | C54: American Athletic | D54: American Athletic | E54: Tulane | F54: Army | G54: -4 | H54: -3 | I54: 1 | J54: 3.8 | K54: -12 | L54: 57.7 | M54: 48.5 | N54: 9.2 | O54: 17 | P54: 20 | Q54: Win | R54: -4.1 | S54: Push | T54: Push | U54: Push | V54: Push
A55: 6 | B55: 2026-10-10 | C55: American Athletic | D55: American Athletic | E55: Rice | F55: East Carolina | G55: -16.6 | H55: -10 | I55: 6.6 | J55: -10.5 | K55: -8.5 | L55: 47.1 | M55: 47.2 | N55: -0.2 | O55: 12 | P55: 28 | Q55: Win | R55: -10.9 | S55: Win | T55: Win | U55: Win | V55: Loss
A56: 6 | B56: 2026-10-10 | C56: American Athletic | D56: American Athletic | E56: UAB | F56: Memphis | G56: -14.8 | H56: -14 | I56: 0.8 | J56: -12.8 | K56: -14.4 | L56: 56.8 | M56: 53 | N56: 3.8 | O56: 13 | P56: 38 | Q56: Win | R56: -11.7 | S56: Win | T56: Loss | U56: Loss | V56: Win
A57: 6 | B57: 2026-10-10 | C57: American Athletic | D57: American Athletic | E57: Tulsa | F57: Navy | G57: -14.6 | H57: -1.8 | I57: 12.8 | J57: -5.8 | K57: 1.8 | L57: 51.5 | M57: 48.8 | N57: 2.8 | O57: 26 | P57: 34 | Q57: Win | R57: -5.6 | S57: Win | T57: Win | U57: Win | V57: Loss
A58: 6 | B58: 2026-10-10 | C58: American Athletic | D58: American Athletic | E58: Charlotte | F58: North Texas | G58: -24.7 | H58: -28.2 | I58: -3.5 | J58: -21 | K58: -24 | L58: 56.5 | M58: 57.8 | N58: -1.2 | O58: 10 | P58: 50 | Q58: Win | R58: -26.1 | S58: Loss | T58: Loss | U58: Loss | V58: Loss
A59: 6 | B59: 2026-10-10 | C59: American Athletic | D59: FBS Independents | E59: UConn | F59: Temple | G59: -8.8 | H59: -3.5 | I59: 5.3 | J59: -7.8 | K59: -1.9 | L59: 57.5 | M59: 54.5 | N59: 3 | O59: 34 | P59: 20 | Q59: Loss | R59: -0.5 | S59: Loss | T59: Loss | U59: Win | V59: Win
A61: Week 5
A62: Week | B62: Date | C62: Home Conf | D62: Away Conf | E62: Away Team | F62: Home Team | G62: Model Line (Home) | H62: Market Line (Home) | I62: Spread Edge (pts) | J62: Ridge Line (Home) | K62: Massey Line (Home) | L62: Model Total | M62: Market Total | N62: Total Edge (pts) | O62: Away Pts | P62: Home Pts | Q62: Model Result (SU) | R62: XGBoost Line (Home) | S62: Gamma ATS | T62: Ridge ATS | U62: XGBoost ATS | V62: Massey ATS
A63: 5 | B63: 2026-10-02 | C63: American Athletic | D63: American Athletic | E63: North Texas | F63: Tulsa | G63: 7.3 | H63: 2 | I63: -5.3 | J63: 4.4 | K63: -3.1 | L63: 56.4 | M63: 56.8 | N63: -0.4 | O63: 45 | P63: 44 | Q63: Win | R63: 1.9 | S63: Loss | T63: Loss | U63: Loss | V63: Win
A64: 5 | B64: 2026-10-03 | C64: American Athletic | D64: American Athletic | E64: Memphis | F64: Charlotte | G64: 20.3 | H64: 19.5 | I64: -0.8 | J64: 17.4 | K64: 9.7 | L64: 54.4 | M64: 52.2 | N64: 2.2 | O64: 59 | P64: 8 | Q64: Win | R64: 19.1 | S64: Win | T64: Loss | U64: Win | V64: Loss
A65: 5 | B65: 2026-10-03 | C65: American Athletic | D65: SWAC | E65: Texas Southern | F65: Florida Atlantic | G65: -27.8 | H65: -45.8 | I65: -18 | J65: -18.2 | K65: -20.2 | L65: 56.5 | M65: 62 | N65: -5.5 | O65: 10 | P65: 66 | Q65: Win | R65: -31.9 | S65: Loss | T65: Loss | U65: Loss | V65: Loss
A66: 5 | B66: 2026-10-03 | C66: American Athletic | D66: American Athletic | E66: UTSA | F66: Rice | G66: 13.7 | H66: 12 | I66: -1.7 | J66: 10.3 | K66: 9.9 | L66: 55 | M66: 56.2 | N66: -1.2 | O66: 16 | P66: 14 | Q66: Win | R66: 15.2 | S66: Loss | T66: Win | U66: Loss | V66: Win
A67: 5 | B67: 2026-10-03 | C67: American Athletic | D67: American Athletic | E67: Temple | F67: South Florida | G67: -11.6 | H67: -5.5 | I67: 6.1 | J67: -14.1 | K67: -6.8 | L67: 58.3 | M67: 49.5 | N67: 8.8 | O67: 17 | P67: 13 | Q67: Loss | R67: -11.2 | S67: Loss | T67: Loss | U67: Loss | V67: Loss
A68: 5 | B68: 2026-10-03 | C68: American Athletic | D68: Southern | E68: Samford | F68: UAB | G68: -31.3 | H68: -30.5 | I68: 0.8 | J68: -18 | K68: -0.8 | L68: 57.5 | M68: 54.2 | N68: 3.2 | O68: 14 | P68: 33 | Q68: Win | R68: -24.4 | S68: Loss | T68: Win | U68: Win | V68: Win
A69: 5 | B69: 2026-10-03 | C69: Mountain West | D69: American Athletic | E69: Navy | F69: Air Force | G69: 4.5 | H69: -2.8 | I69: -7.3 | J69: -8.5 | K69: -7 | L69: 55.1 | M69: 45.2 | N69: 9.8 | O69: 9 | P69: 14 | Q69: Loss | R69: -4.4 | S69: Loss | T69: Win | U69: Win | V69: Win
A70: 5 | B70: 2026-10-03 | C70: Sun Belt | D70: American Athletic | E70: Army | F70: Louisiana Tech | G70: 9.2 | H70: -0.2 | I70: -9.4 | J70: -8.1 | K70: -0.1 | L70: 53.3 | M70: 46.8 | N70: 6.5 | O70: 29 | P70: 31 | Q70: Loss | R70: -5.4 | S70: Loss | T70: Win | U70: Win | V70: Win

Sheet Big 12 Slate
A1: Big 12 Model ATS Record
A2: Metric | B2: Record (W-L-P) | C2: ATS %
A3: Rolling ATS (Season) | B3: 42-38-1 | C3: 0.525
A4: Weekly ATS (Wk 8) | B4: 3-5-0 | C4: 0.375
A5: Model pick W-L, straight-up (Wk 8) | B5: 3-5 | C5: 0.375
A7: Big 12 Standings
A8: Team | B8: Conf W | C8: Conf L | D8: Conf Pct | E8: Overall W | F8: Overall L
A9: Utah | B9: 4 | C9: 0 | D9: 1 | E9: 7 | F9: 0
A10: Arizona | B10: 3 | C10: 1 | D10: 0.75 | E10: 6 | F10: 1
A11: BYU | B11: 3 | C11: 1 | D11: 0.75 | E11: 6 | F11: 1
A12: Texas Tech | B12: 3 | C12: 1 | D12: 0.75 | E12: 6 | F12: 1
A13: Oklahoma State | B13: 3 | C13: 1 | D13: 0.75 | E13: 5 | F13: 2
A14: Houston | B14: 3 | C14: 2 | D14: 0.6 | E14: 6 | F14: 2
A15: Cincinnati | B15: 2 | C15: 2 | D15: 0.5 | E15: 5 | F15: 2
A16: Arizona State | B16: 2 | C16: 2 | D16: 0.5 | E16: 4 | F16: 3
A17: Baylor | B17: 2 | C17: 2 | D17: 0.5 | E17: 4 | F17: 3
A18: UCF | B18: 2 | C18: 2 | D18: 0.5 | E18: 4 | F18: 3
A19: West Virginia | B19: 2 | C19: 3 | D19: 0.4 | E19: 5 | F19: 3
A20: Kansas State | B20: 1 | C20: 3 | D20: 0.25 | E20: 4 | F20: 3
... A24: Colorado | B24: 0 | C24: 4 | D24: 0 | E24: 2 | F24: 5
A26: Week 9
A27: Week | B27: Date | C27: Home Conf | D27: Away Conf | E27: Away Team | F27: Home Team | G27: Model Line (Home) | H27: Market Line (Home) | I27: Spread Edge (pts) | J27: Ridge Line (Home) | K27: Massey Line (Home) | L27: Model Total | M27: Market Total | N27: Total Edge (pts) | O27: Away Pts | P27: Home Pts | Q27: Model Result (SU) | R27: XGBoost Line (Home) | S27: Gamma ATS | T27: Ridge ATS | U27: XGBoost ATS | V27: Massey ATS
A28: 9 | B28: 2026-10-30 | C28: Big 12 | D28: Big 12 | E28: Baylor | F28: UCF | G28: 1.1 | H28: -2.5 | I28: -3.6 | J28: 3 | K28: -4.2 | L28: 47.7 | M28: 47.5 | N28: 0.2 | R28: 3.1
A29: 9 | B29: 2026-10-31 | C29: Big 12 | D29: Big 12 | E29: Arizona State | F29: BYU | G29: -14.5 | H29: -15.5 | I29: -1 | J29: -16.9 | K29: -16.3 | L29: 50.2 | M29: 49.5 | N29: 0.7 | R29: -16.1
A30: 9 | B30: 2026-10-31 | C30: Big 12 | D30: Big 12 | E30: Utah | F30: Cincinnati | G30: 8.9 | H30: 6.5 | I30: -2.4 | J30: 14.6 | K30: 6.6 | L30: 57.2 | M30: 57.5 | N30: -0.3 | R30: 11
A31: 9 | B31: 2026-10-31 | C31: Big 12 | D31: Big 12 | E31: Kansas State | F31: Colorado | G31: 4.7 | H31: 2.5 | I31: -2.2 | J31: 10.4 | K31: 6.4 | L31: 49.6 | M31: 48.5 | N31: 1.1 | R31: 11.1
A32: 9 | B32: 2026-10-31 | C32: Big 12 | D32: Big 12 | E32: Oklahoma State | F32: Iowa State | G32: -6 | H32: 10 | I32: 16 | J32: -5.6 | K32: 7.4 | L32: 49 | M32: 57.5 | N32: -8.5 | R32: -11
A33: 9 | B33: 2026-10-31 | C33: Big 12 | D33: Big 12 | E33: Kansas | F33: TCU | G33: -6 | H33: -5.5 | I33: 0.5 | J33: -9.7 | K33: -5.5 | L33: 48.7 | M33: 46.5 | N33: 2.2 | R33: -9.6
A34: 9 | B34: 2026-10-31 | C34: Big 12 | D34: Big 12 | E34: Arizona | F34: Texas Tech | G34: -4.6 | H34: -3.5 | I34: 1.1 | J34: -3.6 | K34: -1.8 | L34: 49.3 | M34: 54.5 | N34: -5.2 | R34: -6.1
A36: Week 8
A37: Week | B37: Date | C37: Home Conf | D37: Away Conf | E37: Away Team | F37: Home Team | G37: Model Line (Home) | H37: Market Line (Home) | I37: Spread Edge (pts) | J37: Ridge Line (Home) | K37: Massey Line (Home) | L37: Model Total | M37: Market Total | N37: Total Edge (pts) | O37: Away Pts | P37: Home Pts | Q37: Model Result (SU) | R37: XGBoost Line (Home) | S37: Gamma ATS | T37: Ridge ATS | U37: XGBoost ATS | V37: Massey ATS
A38: 8 | B38: 2026-10-24 | C38: Big 12 | D38: Big 12 | E38: Iowa State | F38: Arizona | G38: -7.5 | H38: -9.8 | I38: -2.3 | J38: -13.3 | K38: -6.2 | L38: 48.9 | M38: 51.5 | N38: -2.6 | O38: 3 | P38: 39 | Q38: Win | R38: -13.2 | S38: Loss | T38: Win | U38: Win | V38: Loss
A39: 8 | B39: 2026-10-24 | C39: Big 12 | D39: Big 12 | E39: Kansas State | F39: Arizona State | G39: 0.4 | H39: 2.5 | I39: 2.1 | J39: 2.1 | K39: 6.3 | L39: 52 | M39: 55.2 | N39: -3.2 | O39: 17 | P39: 28 | Q39: Loss | R39: 1.5 | S39: Win | T39: Loss | U39: Win | V39: Loss
A40: 8 | B40: 2026-10-24 | C40: Big 12 | D40: Big 12 | E40: Texas Tech | F40: Cincinnati | G40: 13.7 | H40: 11.5 | I40: -2.2 | J40: 16.9 | K40: 8.4 | L40: 55 | M40: 56.8 | N40: -1.7 | O40: 24 | P40: 37 | Q40: Loss | R40: 14.8 | S40: Loss | T40: Loss | U40: Loss | V40: Win
A41: 8 | B41: 2026-10-24 | C41: Big 12 | D41: Big 12 | E41: Baylor | F41: Kansas | G41: 3.1 | H41: 1.2 | I41: -1.9 | J41: 4.7 | K41: 2.2 | L41: 51.5 | M41: 53.5 | N41: -2 | O41: 24 | P41: 25 | Q41: Loss | R41: 6.2 | S41: Loss | T41: Loss | U41: Loss | V41: Loss
A42: 8 | B42: 2026-10-24 | C42: Big 12 | D42: Big 12 | E42: Colorado | F42: Oklahoma State | G42: -1.5 | H42: -13.5 | I42: -12 | J42: -5.1 | K42: -16 | L42: 46.4 | M42: 56.2 | N42: -9.9 | O42: 24 | P42: 57 | Q42: Win | R42: -3.4 | S42: Loss | T42: Loss | U42: Loss | V42: Win
A43: 8 | B43: 2026-10-24 | C43: Big 12 | D43: Big 12 | E43: West Virginia | F43: TCU | G43: -15 | H43: -10.2 | I43: 4.8 | J43: -10.6 | K43: -10.5 | L43: 51.4 | M43: 57.5 | N43: -6.1 | O43: 24 | P43: 20 | Q43: Loss | R43: -8.9 | S43: Loss | T43: Loss | U43: Win | V43: Loss
A44: 8 | B44: 2026-10-24 | C44: Big 12 | D44: Big 12 | E44: BYU | F44: UCF | G44: 10.6 | H44: 7.5 | I44: -3.1 | J44: 22.3 | K44: 1.8 | L44: 48.9 | M44: 43.5 | N44: 5.4 | O44: 31 | P44: 39 | Q44: Loss | R44: 18 | S44: Loss | T44: Loss | U44: Loss | V44: Win
A45: 8 | B45: 2026-10-25 | C45: Big 12 | D45: Big 12 | E45: Houston | F45: Utah | G45: -14.1 | H45: -6.5 | I45: 7.6 | J45: -7.6 | K45: -1.6 | L45: 57 | M45: 56.8 | N45: 0.2 | O45: 13 | P45: 21 | Q45: Win | R45: -7.4 | S45: Win | T45: Win | U45: Win | V45: Loss
A47: Week 7
A48: Week | B48: Date | C48: Home Conf | D48: Away Conf | E48: Away Team | F48: Home Team | G48: Model Line (Home) | H48: Market Line (Home) | I48: Spread Edge (pts) | J48: Ridge Line (Home) | K48: Massey Line (Home) | L48: Model Total | M48: Market Total | N48: Total Edge (pts) | O48: Away Pts | P48: Home Pts | Q48: Model Result (SU) | R48: XGBoost Line (Home) | S48: Gamma ATS | T48: Ridge ATS | U48: XGBoost ATS | V48: Massey ATS
A49: 7 | B49: 2026-10-17 | C49: Big 12 | D49: FBS Independents | E49: Notre Dame | F49: BYU | G49: 6.2 | H49: 10.5 | I49: 4.3 | J49: -6.9 | K49: 6.2 | L49: 54.1 | M49: 46.5 | N49: 7.6 | O49: 24 | P49: 28 | Q49: Loss | R49: 1.5 | S49: Win | T49: Win | U49: Win | V49: Win
A50: 7 | B50: 2026-10-17 | C50: Big 12 | D50: Big 12 | E50: TCU | F50: Baylor | G50: -3.6 | H50: -6 | I50: -2.4 | J50: -5 | K50: -6.4 | L50: 48.4 | M50: 48.2 | N50: 0.1 | O50: 17 | P50: 6 | Q50: Loss | R50: -1.5 | S50: Win | T50: Win | U50: Win | V50: Loss
A51: 7 | B51: 2026-10-17 | C51: Big 12 | D51: Big 12 | E51: Oklahoma State | F51: Houston | G51: -15.8 | H51: -4.8 | I51: 11 | J51: -18.4 | K51: -8.9 | L51: 54.4 | M51: 62.5 | N51: -8.1 | O51: 32 | P51: 35 | Q51: Win | R51: -14.9 | S51: Loss | T51: Loss | U51: Loss | V51: Loss
A52: 7 | B52: 2026-10-17 | C52: Big 12 | D52: Big 12 | E52: Kansas | F52: Kansas State | G52: -6.5 | H52: -4.5 | I52: 2 | J52: -10.3 | K52: -1.6 | L52: 55 | M52: 55.5 | N52: -0.5 | O52: 24 | P52: 35 | Q52: Win | R52: -10.9 | S52: Win | T52: Win | U52: Win | V52: Loss
A53: 7 | B53: 2026-10-17 | C53: Big 12 | D53: Big 12 | E53: Arizona State | F53: Texas Tech | G53: -18.4 | H53: -15.5 | I53: 2.9 | J53: -16.8 | K53: -16.8 | L53: 47.7 | M53: 48.8 | N53: -1.1 | O53: 25 | P53: 53 | Q53: Win | R53: -18 | S53: Win | T53: Win | U53: Win | V53: Win
A54: 7 | B54: 2026-10-17 | C54: Big 12 | D54: Big 12 | E54: Cincinnati | F54: West Virginia | G54: 3.7 | H54: -1.8 | I54: -5.5 | J54: -0.3 | K54: -1.8 | L54: 56.8 | M54: 63.5 | N54: -6.7 | O54: 42 | P54: 45 | Q54: Loss | R54: -1.7 | S54: Loss | T54: Loss | U54: Win | V54: Win
A55: 7 | B55: 2026-10-18 | C55: Big 12 | D55: Big 12 | E55: Utah | F55: Colorado | G55: 20.8 | H55: 15.5 | I55: -5.3 | J55: 20.9 | K55: 18.1 | L55: 47.6 | M55: 49.5 | N55: -1.9 | O55: 27 | P55: 24 | Q55: Win | R55: 19.8 | S55: Loss | T55: Loss | U55: Loss | V55: Loss
A57: Week 6
A58: Week | B58: Date | C58: Home Conf | D58: Away Conf | E58: Away Team | F58: Home Team | G58: Model Line (Home) | H58: Market Line (Home) | I58: Spread Edge (pts) | J58: Ridge Line (Home) | K58: Massey Line (Home) | L58: Model Total | M58: Market Total | N58: Total Edge (pts) | O58: Away Pts | P58: Home Pts | Q58: Model Result (SU) | R58: XGBoost Line (Home) | S58: Gamma ATS | T58: Ridge ATS | U58: XGBoost ATS | V58: Massey ATS
A59: 6 | B59: 2026-10-10 | C59: Big 12 | D59: Big 12 | E59: Iowa State | F59: BYU | G59: -9.3 | H59: -10.5 | I59: -1.2 | J59: -17.9 | K59: -8.2 | L59: 50.5 | M59: 46.2 | N59: 4.2 | O59: 10 | P59: 24 | Q59: Win | R59: -14.5 | S59: Loss | T59: Win | U59: Win | V59: Loss
A60: 6 | B60: 2026-10-10 | C60: Big 12 | D60: Big 12 | E60: Houston | F60: Kansas State | G60: -5.6 | H60: -2.5 | I60: 3.1 | J60: -1.1 | K60: 4.4 | L60: 57.5 | M60: 55.2 | N60: 2.2 | O60: 35 | P60: 16 | Q60: Loss | R60: -2.7 | S60: Loss | T60: Win | U60: Loss | V60: Win
A61: 6 | B61: 2026-10-10 | C61: Big 12 | D61: Big 12 | E61: UCF | F61: Oklahoma State | G61: 2 | H61: -10.5 | I61: -12.5 | J61: 1.5 | K61: 0.1 | L61: 44.9 | M61: 53.5 | N61: -8.6 | O61: 28 | P61: 42 | Q61: Loss | R61: 0.6 | S61: Loss | T61: Loss | U61: Loss | V61: Loss
A62: 6 | B62: 2026-10-10 | C62: Big 12 | D62: Big 12 | E62: Arizona | F62: West Virginia | G62: 5.1 | H62: 3 | I62: -2.1 | J62: 10.5 | K62: 0.4 | L62: 54.1 | M62: 60.8 | N62: -6.7 | O62: 52 | P62: 31 | Q62: Win | R62: 6.8 | S62: Win | T62: Win | U62: Win | V62: Loss
A63: 6 | B63: 2026-10-11 | C63: Big 12 | D63: Mountain West | E63: Hawai'i | F63: Arizona State | G63: -17.3 | H63: -20.8 | I63: -3.5 | J63: -17.2 | K63: -14.5 | L63: 47.9 | M63: 50.5 | N63: -2.6 | O63: 12 | P63: 30 | Q63: Win | R63: -14.6 | S63: Win | T63: Win | U63: Win | V63: Win
A64: 6 | B64: 2026-10-11 | C64: Big 12 | D64: Big 12 | E64: Kansas | F64: Utah | G64: -24.1 | H64: -15.8 | I64: 8.3 | J64: -20.3 | K64: -12.3 | L64: 52.6 | M64: 51.2 | N64: 1.3 | O64: 24 | P64: 41 | Q64: Win | R64: -21.2 | S64: Win | T64: Win | U64: Win | V64: Loss
A66: Week 5
A67: Week | B67: Date | C67: Home Conf | D67: Away Conf | E67: Away Team | F67: Home Team | G67: Model Line (Home) | H67: Market Line (Home) | I67: Spread Edge (pts) | J67: Ridge Line (Home) | K67: Massey Line (Home) | L67: Model Total | M67: Market Total | N67: Total Edge (pts) | O67: Away Pts | P67: Home Pts | Q67: Model Result (SU) | R67: XGBoost Line (Home) | S67: Gamma ATS | T67: Ridge ATS | U67: XGBoost ATS | V67: Massey ATS
A68: 5 | B68: 2026-10-03 | C68: Big 12 | D68: Big 12 | E68: Texas Tech | F68: Colorado | G68: 20.4 | H68: 13.5 | I68: -6.9 | J68: 18.9 | K68: 11.2 | L68: 48.9 | M68: 50 | N68: -1.1 | O68: 29 | P68: 7 | Q68: Win | R68: 19.2 | S68: Win | T68: Win | U68: Win | V68: Loss
A69: 5 | B69: 2026-10-03 | C69: Big 12 | D69: Big 12 | E69: UCF | F69: Houston | G69: -9.6 | H69: -10.5 | I69: -0.9 | J69: -11.9 | K69: -2 | L69: 53.8 | M69: 50.8 | N69: 3.1 | O69: 17 | P69: 27 | Q69: Win | R69: -12 | S69: Loss | T69: Loss | U69: Loss | V69: Win
A70: 5 | B70: 2026-10-03 | C70: Big 12 | D70: Big 12 | E70: West Virginia | F70: Iowa State | G70: -13.7 | H70: -3 | I70: 10.7 | J70: -5.5 | K70: -4.9 | L70: 49 | M70: 53.2 | N70: -4.2 | O70: 42 | P70: 45 | Q70: Win | R70: -4.9 | S70: Push | T70: Push | U70: Push | V70: Push
A71: 5 | B71: 2026-10-03 | C71: Big 12 | D71: Conference USA | E71: Middle Tennessee | F71: Kansas | G71: -16.9 | H71: -21 | I71: -4.1 | J71: -19.5 | K71: -6.3 | L71: 54.2 | M71: 51 | N71: 3.2 | O71: 0 | P71: 55 | Q71: Win | R71: -14.4 | S71: Loss | T71: Loss | U71: Loss | V71: Loss
A72: 5 | B72: 2026-10-03 | C72: Big 12 | D72: Big 12 | E72: BYU | F72: TCU | G72: 8.2 | H72: 5.8 | I72: -2.4 | J72: 8.8 | K72: 1.3 | L72: 52.3 | M72: 48.2 | N72: 4 | O72: 17 | P72: 10 | Q72: Win | R72: 7.2 | S72: Win | T72: Win | U72: Win | V72: Loss
A73: 5 | B73: 2026-10-04 | C73: Big 12 | D73: Big 12 | E73: Cincinnati | F73: Arizona | G73: -1.1 | H73: -6.8 | I73: -5.7 | J73: -11 | K73: 0.5 | L73: 55.7 | M73: 56 | N73: -0.3 | O73: 7 | P73: 34 | Q73: Win | R73: -12.1 | S73: Loss | T73: Win | U73: Win | V73: Loss
A74: 5 | B74: 2026-10-04 | C74: Big 12 | D74: Big 12 | E74: Baylor | F74: Arizona State | G74: -2.6 | H74: -3.5 | I74: -0.9 | J74: -3.9 | K74: 1 | L74: 46.7 | M74: 49 | N74: -2.3 | O74: 55 | P74: 19 | Q74: Loss | R74: -6.6 | S74: Loss | T74: Loss | U74: Loss | V74: Win

Sheet Big Ten Slate
A1: Big Ten Model ATS Record
A2: Metric | B2: Record (W-L-P) | C2: ATS %
A3: Rolling ATS (Season) | B3: 44-46-1 | C3: 0.489
A4: Weekly ATS (Wk 8) | B4: 2-4-0 | C4: 0.333
A5: Model pick W-L, straight-up (Wk 8) | B5: 3-3 | C5: 0.5
A7: Big Ten Standings
A8: Team | B8: Conf W | C8: Conf L | D8: Conf Pct | E8: Overall W | F8: Overall L
A9: UCLA | B9: 5 | C9: 0 | D9: 1 | E9: 7 | F9: 0
A10: Ohio State | B10: 4 | C10: 0 | D10: 1 | E10: 6 | F10: 1
A11: Indiana | B11: 4 | C11: 1 | D11: 0.8 | E11: 7 | F11: 1
A12: Northwestern | B12: 3 | C12: 1 | D12: 0.75 | E12: 6 | F12: 1
A13: Minnesota | B13: 3 | C13: 1 | D13: 0.75 | E13: 5 | F13: 2
A14: Wisconsin | B14: 3 | C14: 1 | D14: 0.75 | E14: 5 | F14: 2
A15: USC | B15: 3 | C15: 2 | D15: 0.6 | E15: 6 | F15: 2
A16: Iowa | B16: 2 | C16: 2 | D16: 0.5 | E16: 5 | F16: 2
A17: Nebraska | B17: 2 | C17: 2 | D17: 0.5 | E17: 5 | F17: 2
A18: Illinois | B18: 2 | C18: 2 | D18: 0.5 | E18: 4 | F18: 3
A19: Oregon | B19: 2 | C19: 2 | D19: 0.5 | E19: 4 | F19: 3
A20: Purdue | B20: 2 | C20: 2 | D20: 0.5 | E20: 3 | F20: 4
... A26: Michigan State | B26: 0 | C26: 5 | D26: 0 | E26: 2 | F26: 6
A28: Week 9
A29: Week | B29: Date | C29: Home Conf | D29: Away Conf | E29: Away Team | F29: Home Team | G29: Model Line (Home) | H29: Market Line (Home) | I29: Spread Edge (pts) | J29: Ridge Line (Home) | K29: Massey Line (Home) | L29: Model Total | M29: Market Total | N29: Total Edge (pts) | O29: Away Pts | P29: Home Pts | Q29: Model Result (SU) | R29: XGBoost Line (Home) | S29: Gamma ATS | T29: Ridge ATS | U29: XGBoost ATS | V29: Massey ATS
A30: 9 | B30: 2026-10-31 | C30: Big Ten | D30: Big Ten | E30: Minnesota | F30: Indiana | G30: -22.2 | H30: -19.5 | I30: 2.7 | J30: -16.3 | K30: -18.7 | L30: 46.9 | M30: 42.5 | N30: 4.4 | R30: -14.7
A31: 9 | B31: 2026-10-31 | C31: Big Ten | D31: Big Ten | E31: Wisconsin | F31: Iowa | G31: -10.3 | H31: -3.5 | I31: 6.8 | J31: -10.2 | K31: 0.1 | L31: 42.5 | M31: 36.5 | N31: 6 | R31: -11
A32: 9 | B32: 2026-10-31 | C32: Big Ten | D32: Big Ten | E32: Illinois | F32: Maryland | G32: 8 | H32: 2.5 | I32: -5.5 | J32: 11.3 | K32: 3.6 | L32: 52.9 | M32: 52.5 | N32: 0.4 | R32: 6.1
A33: 9 | B33: 2026-10-31 | C33: Big Ten | D33: Big Ten | E33: Northwestern | F33: Oregon | G33: -8.4 | H33: -3.5 | I33: 4.9 | J33: -11.5 | K33: -2.6 | L33: 48.3 | M33: 49.5 | N33: -1.2 | R33: -10.3
A34: 9 | B34: 2026-10-31 | C34: Big Ten | D34: Big Ten | E34: Purdue | F34: Penn State | G34: -14.9 | H34: -7.5 | I34: 7.4 | J34: -10.9 | K34: -7.9 | L34: 52.9 | M34: 53.5 | N34: -0.6 | R34: -11.9
A35: 9 | B35: 2026-10-31 | C35: Big Ten | D35: Big Ten | E35: Michigan | F35: Rutgers | G35: 8.3 | H35: 14 | I35: 5.7 | J35: 12.4 | K35: 5.1 | L35: 48.6 | M35: 47.5 | N35: 1.1 | R35: 12.6
A36: 9 | B36: 2026-10-31 | C36: Big Ten | D36: Mountain West | E36: Nevada | F36: UCLA | G36: -21.2 | H36: -22.5 | I36: -1.3 | J36: -23.3 | K36: -19.5 | L36: 43.5 | M36: 44.5 | N36: -1 | R36: -20.6
A37: 9 | B37: 2026-10-31 | C37: Big Ten | D37: Big Ten | E37: Ohio State | F37: USC | G37: 12.6 | H37: 7 | I37: -5.6 | J37: 9.8 | K37: 10.7 | L37: 53 | M37: 51.5 | N37: 1.5 | R37: 9.9
A38: 9 | B38: 2026-11-01 | C38: Big Ten | D38: Big Ten | E38: Washington | F38: Nebraska | G38: -6.9 | H38: -8.5 | I38: -1.6 | J38: 0.9 | K38: -16 | L38: 47.6 | M38: 49.5 | N38: -1.9 | R38: 1.9
A40: Week 8
A41: Week | B41: Date | C41: Home Conf | D41: Away Conf | E41: Away Team | F41: Home Team | G41: Model Line (Home) | H41: Market Line (Home) | I41: Spread Edge (pts) | J41: Ridge Line (Home) | K41: Massey Line (Home) | L41: Model Total | M41: Market Total | N41: Total Edge (pts) | O41: Away Pts | P41: Home Pts | Q41: Model Result (SU) | R41: XGBoost Line (Home) | S41: Gamma ATS | T41: Ridge ATS | U41: XGBoost ATS | V41: Massey ATS
A42: 8 | B42: 2026-10-24 | C42: Big Ten | D42: Big Ten | E42: Oregon | F42: Illinois | G42: 6.5 | H42: 9.8 | I42: 3.3 | J42: 16.3 | K42: 9.2 | L42: 51.6 | M42: 49.8 | N42: 1.9 | O42: 10 | P42: 21 | Q42: Loss | R42: 11.5 | S42: Win | T42: Loss | U42: Loss | V42: Loss
A43: 8 | B43: 2026-10-24 | C43: Big Ten | D43: Big Ten | E43: Indiana | F43: Michigan | G43: 13.4 | H43: 7.5 | I43: -5.9 | J43: 2.5 | K43: 12.6 | L43: 45.6 | M43: 42.8 | N43: 2.8 | O43: 13 | P43: 6 | Q43: Win | R43: 4.6 | S43: Loss | T43: Win | U43: Win | V43: Loss
A44: 8 | B44: 2026-10-24 | C44: Big Ten | D44: Big Ten | E44: Iowa | F44: Minnesota | G44: 8.9 | H44: 7.5 | I44: -1.4 | J44: 6.2 | K44: 6.7 | L44: 43.6 | M44: 40.8 | N44: 2.9 | O44: 10 | P44: 13 | Q44: Loss | R44: 3.9 | S44: Loss | T44: Win | U44: Win | V44: Loss
A45: 8 | B45: 2026-10-24 | C45: Big Ten | D45: Big Ten | E45: Rutgers | F45: Northwestern | G45: -18.5 | H45: -15.2 | I45: 3.3 | J45: -13.8 | K45: -16.8 | L45: 54.8 | M45: 58.8 | N45: -4 | O45: 14 | P45: 42 | Q45: Win | R45: -11.7 | S45: Win | T45: Loss | U45: Loss | V45: Win
A46: 8 | B46: 2026-10-24 | C46: Big Ten | D46: Big Ten | E46: Michigan State | F46: UCLA | G46: -9.5 | H46: -14.5 | I46: -5 | J46: -17.2 | K46: -17.1 | L46: 47.1 | M46: 43.8 | N46: 3.3 | O46: 10 | P46: 28 | Q46: Win | R46: -14.9 | S46: Loss | T46: Win | U46: Win | V46: Win
A47: 8 | B47: 2026-10-24 | C47: Big Ten | D47: Big Ten | E47: USC | F47: Wisconsin | G47: 2.1 | H47: 2.8 | I47: 0.7 | J47: 11.8 | K47: -3.7 | L47: 50 | M47: 49.8 | N47: 0.3 | O47: 7 | P47: 24 | Q47: Loss | R47: 9.2 | S47: Loss | T47: Loss | U47: Loss | V47: Win
A49: Week 7
A50: Week | B50: Date | C50: Home Conf | D50: Away Conf | E50: Away Team | F50: Home Team | G50: Model Line (Home) | H50: Market Line (Home) | I50: Spread Edge (pts) | J50: Ridge Line (Home) | K50: Massey Line (Home) | L50: Model Total | M50: Market Total | N50: Total Edge (pts) | O50: Away Pts | P50: Home Pts | Q50: Model Result (SU) | R50: XGBoost Line (Home) | S50: Gamma ATS | T50: Ridge ATS | U50: XGBoost ATS | V50: Massey ATS
A51: 7 | B51: 2026-10-17 | C51: Big Ten | D51: Big Ten | E51: Ohio State | F51: Indiana | G51: -7.7 | H51: 3.5 | I51: 11.2 | J51: 2.4 | K51: -1.2 | L51: 50.1 | M51: 50.2 | N51: -0.2 | O51: 19 | P51: 15 | Q51: Loss | R51: 2.6 | S51: Loss | T51: Loss | U51: Win | V51: Loss
A52: 7 | B52: 2026-10-17 | C52: Big Ten | D52: Big Ten | E52: Rutgers | F52: Maryland | G52: -6.1 | H52: -4.5 | I52: 1.6 | J52: -0.1 | K52: -7.6 | L52: 50.6 | M52: 56.8 | N52: -6.1 | O52: 37 | P52: 30 | Q52: Loss | R52: 3.8 | S52: Loss | T52: Win | U52: Win | V52: Loss
A53: 7 | B53: 2026-10-17 | C53: Big Ten | D53: Big Ten | E53: Penn State | F53: Michigan | G53: -3 | H53: -7 | I53: -4 | J53: -10.2 | K53: 2.9 | L53: 44.3 | M53: 42.8 | N53: 1.6 | O53: 18 | P53: 21 | Q53: Win | R53: -8.7 | S53: Win | T53: Loss | U53: Loss | V53: Win
A54: 7 | B54: 2026-10-17 | C54: Big Ten | D54: Big Ten | E54: Northwestern | F54: Michigan State | G54: 7.5 | H54: 7.2 | I54: -0.3 | J54: 12.9 | K54: 8.8 | L54: 51.2 | M54: 49.2 | N54: 1.9 | O54: 24 | P54: 21 | Q54: Win | R54: 10.5 | S54: Loss | T54: Loss | U54: Loss | V54: Loss
A55: 7 | B55: 2026-10-17 | C55: Big Ten | D55: Big Ten | E55: Washington | F55: Purdue | G55: 5.9 | H55: -3.5 | I55: -9.4 | J55: 8.4 | K55: -7.1 | L55: 52.4 | M55: 50.5 | N55: 1.9 | O55: 38 | P55: 26 | Q55: Win | R55: 11 | S55: Win | T55: Win | U55: Win | V55: Loss
A56: 7 | B56: 2026-10-17 | C56: Big Ten | D56: Big Ten | E56: Wisconsin | F56: UCLA | G56: -3.9 | H56: -2.5 | I56: 1.4 | J56: -5.4 | K56: -7.1 | L56: 41.5 | M56: 42.8 | N56: -1.2 | O56: 7 | P56: 17 | Q56: Win | R56: -8.2 | S56: Win | T56: Win | U56: Win | V56: Win
A57: 7 | B57: 2026-10-18 | C57: Big Ten | D57: Big Ten | E57: Nebraska | F57: Oregon | G57: -5.4 | H57: -7 | I57: -1.6 | J57: -18.1 | K57: -1.4 | L57: 49.5 | M57: 51.8 | N57: -2.3 | O57: 14 | P57: 17 | Q57: Win | R57: -13.1 | S57: Win | T57: Loss | U57: Loss | V57: Win
A59: Week 6
A60: Week | B60: Date | C60: Home Conf | D60: Away Conf | E60: Away Team | F60: Home Team | G60: Model Line (Home) | H60: Market Line (Home) | I60: Spread Edge (pts) | J60: Ridge Line (Home) | K60: Massey Line (Home) | L60: Model Total | M60: Market Total | N60: Total Edge (pts) | O60: Away Pts | P60: Home Pts | Q60: Model Result (SU) | R60: XGBoost Line (Home) | S60: Gamma ATS | T60: Ridge ATS | U60: XGBoost ATS | V60: Massey ATS
A61: 6 | B61: 2026-10-10 | C61: Big Ten | D61: Big Ten | E61: Illinois | F61: Michigan State | G61: 1.2 | H61: 2.5 | I61: 1.3 | J61: 6.9 | K61: -2.1 | L61: 52.3 | M61: 47.8 | N61: 4.6 | O61: 38 | P61: 37 | Q61: Win | R61: 8.5 | S61: Win | T61: Loss | U61: Loss | V61: Win
A62: 6 | B62: 2026-10-10 | C62: Big Ten | D62: Big Ten | E62: Indiana | F62: Nebraska | G62: 14.6 | H62: 7.5 | I62: -7.1 | J62: 10.1 | K62: -0.9 | L62: 54 | M62: 47.8 | N62: 6.2 | O62: 20 | P62: 17 | Q62: Win | R62: 13.5 | S62: Loss | T62: Loss | U62: Loss | V62: Win
A63: 6 | B63: 2026-10-10 | C63: Big Ten | D63: Mid-American | E63: Ball State | F63: Northwestern | G63: -34.6 | H63: -35.8 | I63: -1.2 | J63: -34.3 | K63: -28.4 | L63: 53.2 | M63: 52.5 | N63: 0.7 | O63: 14 | P63: 45 | Q63: Win | R63: -26.4 | S63: Win | T63: Win | U63: Win | V63: Win
A64: 6 | B64: 2026-10-10 | C64: Big Ten | D64: Big Ten | E64: Maryland | F64: Ohio State | G64: -35.9 | H64: -32.2 | I64: 3.7 | J64: -33.2 | K64: -20.7 | L64: 47.7 | M64: 56.2 | N64: -8.6 | O64: 16 | P64: 45 | Q64: Win | R64: -31.3 | S64: Loss | T64: Loss | U64: Loss | V64: Win
A65: 6 | B65: 2026-10-10 | C65: Big Ten | D65: Big Ten | E65: UCLA | F65: Oregon | G65: -10.2 | H65: -11.5 | I65: -1.3 | J65: -20.4 | K65: -2.5 | L65: 51.4 | M65: 59.2 | N65: -7.9 | O65: 17 | P65: 15 | Q65: Loss | R65: -26.5 | S65: Win | T65: Loss | U65: Loss | V65: Win
A66: 6 | B66: 2026-10-10 | C66: Big Ten | D66: Big Ten | E66: USC | F66: Penn State | G66: -5.1 | H66: -1.5 | I66: 3.6 | J66: 6.3 | K66: -4.8 | L66: 54.2 | M66: 54.8 | N66: -0.6 | O66: 31 | P66: 23 | Q66: Loss | R66: 1 | S66: Loss | T66: Win | U66: Win | V66: Loss
A67: 6 | B67: 2026-10-10 | C67: Big Ten | D67: Big Ten | E67: Iowa | F67: Washington | G67: -1.1 | H67: -2.8 | I67: -1.7 | J67: -1.1 | K67: 4.6 | L67: 42.3 | M67: 41.8 | N67: 0.6 | O67: 41 | P67: 24 | Q67: Loss | R67: 0.3 | S67: Win | T67: Win | U67: Win | V67: Win
A68: 6 | B68: 2026-10-11 | C68: Big Ten | D68: Big Ten | E68: Minnesota | F68: Purdue | G68: 7.9 | H68: 2.5 | I68: -5.4 | J68: 11.3 | K68: 2.5 | L68: 50.5 | M68: 50.5 | N68: 0 | O68: 13 | P68: 41 | Q68: Loss | R68: 11.5 | S68: Loss | T68: Loss | U68: Loss | V68: Loss
A70: Week 5
A71: Week | B71: Date | C71: Home Conf | D71: Away Conf | E71: Away Team | F71: Home Team | G71: Model Line (Home) | H71: Market Line (Home) | I71: Spread Edge (pts) | J71: Ridge Line (Home) | K71: Massey Line (Home) | L71: Model Total | M71: Market Total | N71: Total Edge (pts) | O71: Away Pts | P71: Home Pts | Q71: Model Result (SU) | R71: XGBoost Line (Home) | S71: Gamma ATS | T71: Ridge ATS | U71: XGBoost ATS | V71: Massey ATS
A72: 5 | B72: 2026-10-03 | C72: Big Ten | D72: Big Ten | E72: Purdue | F72: Illinois | G72: -14.4 | H72: -9.8 | I72: 4.6 | J72: -16.5 | K72: -9.6 | L72: 60.4 | M72: 62.5 | N72: -2.1 | O72: 24 | P72: 17 | Q72: Loss | R72: -10.7 | S72: Loss | T72: Loss | U72: Loss | V72: Loss
A73: 5 | B73: 2026-10-03 | C73: Big Ten | D73: Big Ten | E73: Ohio State | F73: Iowa | G73: 9.3 | H73: 14.2 | I73: 4.9 | J73: 7.1 | K73: 3.9 | L73: 45.9 | M73: 46 | N73: -0.1 | O73: 31 | P73: 14 | Q73: Win | R73: 7.1 | S73: Loss | T73: Loss | U73: Loss | V73: Loss
A74: 5 | B74: 2026-10-03 | C74: Big Ten | D74: Big Ten | E74: Michigan | F74: Minnesota | G74: 0.8 | H74: 6.2 | I74: 5.4 | J74: 4.9 | K74: -4.6 | L74: 43.8 | M74: 42.2 | N74: 1.6 | O74: 14 | P74: 20 | Q74: Loss | R74: 4.2 | S74: Win | T74: Win | U74: Win | V74: Win
A75: 5 | B75: 2026-10-03 | C75: Big Ten | D75: Big Ten | E75: Maryland | F75: Nebraska | G75: -13.5 | H75: -15 | I75: -1.5 | J75: -12.9 | K75: -13.6 | L75: 52.2 | M75: 52.5 | N75: -0.3 | O75: 23 | P75: 48 | Q75: Win | R75: -12.3 | S75: Loss | T75: Loss | U75: Loss | V75: Loss
A76: 5 | B76: 2026-10-03 | C76: Big Ten | D76: Big Ten | E76: Penn State | F76: Northwestern | G76: 1.3 | H76: 2.8 | I76: 1.5 | J76: 0.7 | K76: 1.9 | L76: 49.9 | M76: 46.8 | N76: 3.1 | O76: 13 | P76: 34 | Q76: Loss | R76: 1.7 | S76: Win | T76: Win | U76: Win | V76: Loss
A77: 5 | B77: 2026-10-03 | C77: Big Ten | D77: Big Ten | E77: Washington | F77: USC | G77: 1.5 | H77: -8.2 | I77: -9.7 | J77: -5.4 | K77: -10 | L77: 51.4 | M77: 58.2 | N77: -6.8 | O77: 21 | P77: 25 | Q77: Loss | R77: -5.8 | S77: Win | T77: Win | U77: Win | V77: Loss
A78: 5 | B78: 2026-10-03 | C78: Big Ten | D78: Big Ten | E78: Michigan State | F78: Wisconsin | G78: -3.7 | H78: -8.8 | I78: -5.1 | J78: -9.5 | K78: -7.8 | L78: 44.8 | M78: 43.2 | N78: 1.5 | O78: 3 | P78: 31 | Q78: Win | R78: -7.2 | S78: Loss | T78: Win | U78: Loss | V78: Loss
A79: 5 | B79: 2026-10-04 | C79: Big Ten | D79: Big Ten | E79: Indiana | F79: Rutgers | G79: 33.3 | H79: 24.2 | I79: -9.1 | J79: 18.7 | K79: 12.6 | L79: 53.8 | M79: 56.8 | N79: -2.9 | O79: 47 | P79: 15 | Q79: Win | R79: 18.4 | S79: Win | T79: Loss | U79: Loss | V79: Loss

Sheet Conference USA Slate
A1: Conference USA Model ATS Record
A2: Metric | B2: Record (W-L-P) | C2: ATS %
A3: Rolling ATS (Season) | B3: 36-18-1 | C3: 0.667
A4: Weekly ATS (Wk 8) | B4: 2-2-0 | C4: 0.5
A5: Model pick W-L, straight-up (Wk 8) | B5: 3-1 | C5: 0.75
A7: Conference USA Standings
A8: Team | B8: Conf W | C8: Conf L | D8: Conf Pct | E8: Overall W | F8: Overall L
A9: Liberty | B9: 3 | C9: 0 | D9: 1 | E9: 6 | F9: 1
A10: Jacksonville State | B10: 3 | C10: 0 | D10: 1 | E10: 5 | F10: 2
A11: Middle Tennessee | B11: 2 | C11: 1 | D11: 0.667 | E11: 4 | F11: 3
A12: New Mexico State | B12: 2 | C12: 1 | D12: 0.667 | E12: 3 | F12: 4
A13: Western Kentucky | B13: 2 | C13: 1 | D13: 0.667 | E13: 3 | F13: 4
A14: Delaware | B14: 1 | C14: 2 | D14: 0.333 | E14: 3 | F14: 4
A15: Florida International | B15: 1 | C15: 2 | D15: 0.333 | E15: 3 | F15: 4
A16: Missouri State | B16: 1 | C16: 2 | D16: 0.333 | E16: 2 | F16: 5
A17: Kennesaw State | B17: 0 | C17: 3 | D17: 0 | E17: 1 | F17: 6
A18: Sam Houston | B18: 0 | C18: 3 | D18: 0 | E18: 1 | F18: 6
A20: Week 9
A21: Week | B21: Date | C21: Home Conf | D21: Away Conf | E21: Away Team | F21: Home Team | G21: Model Line (Home) | H21: Market Line (Home) | I21: Spread Edge (pts) | J21: Ridge Line (Home) | K21: Massey Line (Home) | L21: Model Total | M21: Market Total | N21: Total Edge (pts) | O21: Away Pts | P21: Home Pts | Q21: Model Result (SU) | R21: XGBoost Line (Home) | S21: Gamma ATS | T21: Ridge ATS | U21: XGBoost ATS | V21: Massey ATS
A22: 9 | B22: 2026-10-27 | C22: Conference USA | D22: Conference USA | E22: Delaware | F22: Western Kentucky | G22: -2.7 | H22: 1.5 | I22: 4.2 | J22: -6.7 | K22: 2.6 | L22: 51.4 | M22: 55.5 | N22: -4.1 | R22: -8
A23: 9 | B23: 2026-10-28 | C23: Conference USA | D23: Conference USA | E23: Kennesaw State | F23: Middle Tennessee | G23: -0.8 | H23: -3 | I23: -2.2 | J23: -3.4 | K23: -1.8 | L23: 54.9 | M23: 50.5 | N23: 4.4 | R23: 1.2
A24: 9 | B24: 2026-10-28 | C24: Conference USA | D24: Conference USA | E24: Sam Houston | F24: Missouri State | G24: -9.1 | H24: -6 | I24: 3.1 | J24: -6.2 | K24: 1 | L24: 52.9 | M24: 50.5 | N24: 2.4 | R24: -6.7
A25: 9 | B25: 2026-10-29 | C25: Conference USA | D25: Conference USA | E25: Jacksonville State | F25: New Mexico State | G25: 3.8 | H25: 3 | I25: -0.8 | J25: 10.5 | K25: 2.3 | L25: 52.7 | M25: 49.5 | N25: 3.2 | R25: 10.8
A26: 9 | B26: 2026-10-31 | C26: Conference USA | D26: Conference USA | E26: Florida International | F26: Liberty | G26: -10.3 | H26: -13.5 | I26: -3.2 | J26: -14 | K26: -15.4 | L26: 49.5 | M26: 45.5 | N26: 4 | R26: -11.2
A28: Week 8
A29: Week | B29: Date | C29: Home Conf | D29: Away Conf | E29: Away Team | F29: Home Team | G29: Model Line (Home) | H29: Market Line (Home) | I29: Spread Edge (pts) | J29: Ridge Line (Home) | K29: Massey Line (Home) | L29: Model Total | M29: Market Total | N29: Total Edge (pts) | O29: Away Pts | P29: Home Pts | Q29: Model Result (SU) | R29: XGBoost Line (Home) | S29: Gamma ATS | T29: Ridge ATS | U29: XGBoost ATS | V29: Massey ATS
A30: 8 | B30: 2026-10-20 | C30: Conference USA | D30: Conference USA | E30: Missouri State | F30: Delaware | G30: -8.2 | H30: -3 | I30: 5.2 | J30: -5.3 | K30: -7.2 | L30: 53.8 | M30: 54.2 | N30: -0.5 | O30: 38 | P30: 61 | Q30: Win | R30: -6.5 | S30: Win | T30: Win | U30: Win | V30: Win
A31: 8 | B31: 2026-10-20 | C31: Conference USA | D31: Conference USA | E31: Middle Tennessee | F31: Florida International | G31: -12.6 | H31: -10.2 | I31: 2.4 | J31: -9.6 | K31: -11.6 | L31: 52.8 | M31: 46.5 | N31: 6.3 | O31: 26 | P31: 23 | Q31: Loss | R31: -9.3 | S31: Loss | T31: Loss | U31: Loss | V31: Loss
A32: 8 | B32: 2026-10-22 | C32: Conference USA | D32: Conference USA | E32: Liberty | F32: Kennesaw State | G32: 4.8 | H32: 8.5 | I32: 3.7 | J32: 9.3 | K32: 10 | L32: 51.4 | M32: 50.5 | N32: 0.9 | O32: 34 | P32: 6 | Q32: Win | R32: 6.7 | S32: Loss | T32: Win | U32: Loss | V32: Win
A33: 8 | B33: 2026-10-22 | C33: Conference USA | D33: Conference USA | E33: New Mexico State | F33: Sam Houston | G33: 4.1 | H33: 3 | I33: -1.1 | J33: -1.2 | K33: -2 | L33: 49.4 | M33: 46.5 | N33: 2.9 | O33: 30 | P33: 24 | Q33: Win | R33: -3.1 | S33: Win | T33: Loss | U33: Loss | V33: Loss
A35: Week 7
A36: Week | B36: Date | C36: Home Conf | D36: Away Conf | E36: Away Team | F36: Home Team | G36: Model Line (Home) | H36: Market Line (Home) | I36: Spread Edge (pts) | J36: Ridge Line (Home) | K36: Massey Line (Home) | L36: Model Total | M36: Market Total | N36: Total Edge (pts) | O36: Away Pts | P36: Home Pts | Q36: Model Result (SU) | R36: XGBoost Line (Home) | S36: Gamma ATS | T36: Ridge ATS | U36: XGBoost ATS | V36: Massey ATS
A37: 7 | B37: 2026-10-13 | C37: Conference USA | D37: Conference USA | E37: Delaware | F37: Middle Tennessee | G37: -1.3 | H37: 1.2 | I37: 2.5 | J37: 5.6 | K37: 1.6 | L37: 53.1 | M37: 49.5 | N37: 3.6 | O37: 30 | P37: 33 | Q37: Win | R37: 5.8 | S37: Win | T37: Loss | U37: Loss | V37: Loss
A38: 7 | B38: 2026-10-14 | C38: Conference USA | D38: Conference USA | E38: Florida International | F38: Jacksonville State | G38: -4 | H38: -3 | I38: 1 | J38: -10 | K38: -3 | L38: 50.3 | M38: 44.2 | N38: 6.1 | O38: 24 | P38: 27 | Q38: Win | R38: -11.7 | S38: Push | T38: Push | U38: Push | V38: Push
A39: 7 | B39: 2026-10-14 | C39: Conference USA | D39: Conference USA | E39: Kennesaw State | F39: Missouri State | G39: -0.7 | H39: 2.5 | I39: 3.2 | J39: -1.1 | K39: 7.1 | L39: 54.6 | M39: 52.5 | N39: 2.1 | O39: 21 | P39: 24 | Q39: Win | R39: -0.5 | S39: Win | T39: Win | U39: Win | V39: Loss
A40: 7 | B40: 2026-10-15 | C40: Conference USA | D40: Conference USA | E40: Western Kentucky | F40: Sam Houston | G40: 10.1 | H40: 1.2 | I40: -8.9 | J40: 7.2 | K40: -9.9 | L40: 52.5 | M40: 53.5 | N40: -1 | O40: 16 | P40: 3 | Q40: Win | R40: 7 | S40: Win | T40: Win | U40: Win | V40: Loss
A42: Week 6
A43: Week | B43: Date | C43: Home Conf | D43: Away Conf | E43: Away Team | F43: Home Team | G43: Model Line (Home) | H43: Market Line (Home) | I43: Spread Edge (pts) | J43: Ridge Line (Home) | K43: Massey Line (Home) | L43: Model Total | M43: Market Total | N43: Total Edge (pts) | O43: Away Pts | P43: Home Pts | Q43: Model Result (SU) | R43: XGBoost Line (Home) | S43: Gamma ATS | T43: Ridge ATS | U43: XGBoost ATS | V43: Massey ATS
A44: 6 | B44: 2026-10-07 | C44: Conference USA | D44: Conference USA | E44: New Mexico State | F44: Florida International | G44: -7.3 | H44: -7 | I44: 0.3 | J44: -6.3 | K44: -5.2 | L44: 50.2 | M44: 46.8 | N44: 3.5 | O44: 3 | P44: 22 | Q44: Win | R44: -10.8 | S44: Win | T44: Win | U44: Win | V44: Loss
A45: 6 | B45: 2026-10-07 | C45: Conference USA | D45: Conference USA | E45: Jacksonville State | F45: Kennesaw State | G45: 2.2 | H45: 3 | I45: 0.8 | J45: 7.8 | K45: -0.4 | L45: 54.2 | M45: 48.8 | N45: 5.5 | O45: 27 | P45: 26 | Q45: Win | R45: 10.6 | S45: Loss | T45: Loss | U45: Loss | V45: Win
A46: 6 | B46: 2026-10-08 | C46: Conference USA | D46: Conference USA | E46: Sam Houston | F46: Liberty | G46: -18 | H46: -13.5 | I46: 4.5 | J46: -14.8 | K46: -11.2 | L46: 51.4 | M46: 52.8 | N46: -1.3 | O46: 3 | P46: 35 | Q46: Win | R46: -10.4 | S46: Win | T46: Win | U46: Loss | V46: Loss
A47: 6 | B47: 2026-10-08 | C47: Conference USA | D47: Conference USA | E47: Missouri State | F47: Western Kentucky | G47: -5.3 | H47: 1.8 | I47: 7.1 | J47: -8.2 | K47: 2.3 | L47: 54 | M47: 56.8 | N47: -2.7 | O47: 13 | P47: 34 | Q47: Win | R47: -8.5 | S47: Win | T47: Win | U47: Win | V47: Loss
A49: Week 5
A50: Week | B50: Date | C50: Home Conf | D50: Away Conf | E50: Away Team | F50: Home Team | G50: Model Line (Home) | H50: Market Line (Home) | I50: Spread Edge (pts) | J50: Ridge Line (Home) | K50: Massey Line (Home) | L50: Model Total | M50: Market Total | N50: Total Edge (pts) | O50: Away Pts | P50: Home Pts | Q50: Model Result (SU) | R50: XGBoost Line (Home) | S50: Gamma ATS | T50: Ridge ATS | U50: XGBoost ATS | V50: Massey ATS
A51: 5 | B51: 2026-10-03 | C51: Big 12 | D51: Conference USA | E51: Middle Tennessee | F51: Kansas | G51: -16.9 | H51: -21 | I51: -4.1 | J51: -19.5 | K51: -6.3 | L51: 54.2 | M51: 51 | N51: 3.2 | O51: 0 | P51: 55 | Q51: Win | R51: -14.4 | S51: Loss | T51: Loss | U51: Loss | V51: Loss
A52: 5 | B52: 2026-10-02 | C52: Conference USA | D52: Conference USA | E52: Liberty | F52: Delaware | G52: 5.8 | H52: 7 | I52: 1.2 | J52: -0.5 | K52: 5.2 | L52: 50.9 | M52: 51.5 | N52: -0.6 | O52: 30 | P52: 14 | Q52: Win | R52: 0.6 | S52: Loss | T52: Loss | U52: Loss | V52: Loss
A53: 5 | B53: 2026-10-02 | C53: Conference USA | D53: Conference USA | E53: Western Kentucky | F53: New Mexico State | G53: 5.5 | H53: -1.5 | I53: -7 | J53: 9.8 | K53: -6.9 | L53: 55.6 | M53: 55.8 | N53: -0.2 | O53: 13 | P53: 34 | Q53: Loss | R53: 12.2 | S53: Loss | T53: Loss | U53: Loss | V53: Win

Sheet FBS Independents Slate
A1: FBS Independents Model ATS Record
A2: Metric | B2: Record (W-L-P) | C2: ATS %
A3: Rolling ATS (Season) | B3: 8-6-0 | C3: 0.571
A4: Weekly ATS (Wk 8) | B4: 1-0-0 | C4: 1
A5: Model pick W-L, straight-up (Wk 8) | B5: 1-0 | C5: 1
A7: FBS Independents Standings
A8: Team | B8: Conf W | C8: Conf L | D8: Conf Pct | E8: Overall W | F8: Overall L
A9: Notre Dame | B9: 0 | C9: 0 | E9: 6 | F9: 1
A10: UConn | B10: 0 | C10: 0 | E10: 4 | F10: 3
A12: Week 9
A13: Week | B13: Date | C13: Home Conf | D13: Away Conf | E13: Away Team | F13: Home Team | G13: Model Line (Home) | H13: Market Line (Home) | I13: Spread Edge (pts) | J13: Ridge Line (Home) | K13: Massey Line (Home) | L13: Model Total | M13: Market Total | N13: Total Edge (pts) | O13: Away Pts | P13: Home Pts | Q13: Model Result (SU) | R13: XGBoost Line (Home) | S13: Gamma ATS | T13: Ridge ATS | U13: XGBoost ATS | V13: Massey ATS
A14: 9 | B14: 2026-10-31 | C14: American Athletic | D14: FBS Independents | E14: Notre Dame | F14: Navy | G14: 20 | H14: 29.5 | I14: 9.5 | J14: 23.7 | K14: 23.7 | L14: 55.8 | M14: 54.5 | N14: 1.3 | R14: 20.1
A15: 9 | B15: 2026-10-31 | C15: Mountain West | D15: FBS Independents | E15: UConn | F15: Air Force | G15: -5.2 | H15: -3 | I15: 2.2 | J15: -9.8 | K15: 1.5 | L15: 53.2 | M15: 53.5 | N15: -0.3 | R15: -2.8
A17: Week 8
A18: Week | B18: Date | C18: Home Conf | D18: Away Conf | E18: Away Team | F18: Home Team | G18: Model Line (Home) | H18: Market Line (Home) | I18: Spread Edge (pts) | J18: Ridge Line (Home) | K18: Massey Line (Home) | L18: Model Total | M18: Market Total | N18: Total Edge (pts) | O18: Away Pts | P18: Home Pts | Q18: Model Result (SU) | R18: XGBoost Line (Home) | S18: Gamma ATS | T18: Ridge ATS | U18: XGBoost ATS | V18: Massey ATS
A19: 8 | B19: 2026-10-23 | C19: FBS Independents | D19: Mid-American | E19: Massachusetts | F19: UConn | G19: -15.3 | H19: -12.8 | I19: 2.5 | J19: -24.2 | K19: -7.2 | L19: 53.5 | M19: 53.5 | N19: 0 | O19: 16 | P19: 35 | Q19: Win | R19: -21.2 | S19: Win | T19: Win | U19: Win | V19: Loss
A21: Week 7
A22: Week | B22: Date | C22: Home Conf | D22: Away Conf | E22: Away Team | F22: Home Team | G22: Model Line (Home) | H22: Market Line (Home) | I22: Spread Edge (pts) | J22: Ridge Line (Home) | K22: Massey Line (Home) | L22: Model Total | M22: Market Total | N22: Total Edge (pts) | O22: Away Pts | P22: Home Pts | Q22: Model Result (SU) | R22: XGBoost Line (Home) | S22: Gamma ATS | T22: Ridge ATS | U22: XGBoost ATS | V22: Massey ATS
A23: 7 | B23: 2026-10-17 | C23: Big 12 | D23: FBS Independents | E23: Notre Dame | F23: BYU | G23: 6.2 | H23: 10.5 | I23: 4.3 | J23: -6.9 | K23: 6.2 | L23: 54.1 | M23: 46.5 | N23: 7.6 | O23: 24 | P23: 28 | Q23: Loss | R23: 1.5 | S23: Win | T23: Win | U23: Win | V23: Win
A25: Week 6
A26: Week | B26: Date | C26: Home Conf | D26: Away Conf | E26: Away Team | F26: Home Team | G26: Model Line (Home) | H26: Market Line (Home) | I26: Spread Edge (pts) | J26: Ridge Line (Home) | K26: Massey Line (Home) | L26: Model Total | M26: Market Total | N26: Total Edge (pts) | O26: Away Pts | P26: Home Pts | Q26: Model Result (SU) | R26: XGBoost Line (Home) | S26: Gamma ATS | T26: Ridge ATS | U26: XGBoost ATS | V26: Massey ATS
A27: 6 | B27: 2026-10-10 | C27: American Athletic | D27: FBS Independents | E27: UConn | F27: Temple | G27: -8.8 | H27: -3.5 | I27: 5.3 | J27: -7.8 | K27: -1.9 | L27: 57.5 | M27: 54.5 | N27: 3 | O27: 34 | P27: 20 | Q27: Loss | R27: -0.5 | S27: Loss | T27: Loss | U27: Win | V27: Win
A28: 6 | B28: 2026-10-10 | C28: FBS Independents | D28: ACC | E28: Stanford | F28: Notre Dame | G28: -29.8 | H28: -38.5 | I28: -8.7 | J28: -38.8 | K28: -36.8 | L28: 54.8 | M28: 54.5 | N28: 0.3 | O28: 7 | P28: 58 | Q28: Win | R28: -37.9 | S28: Loss | T28: Win | U28: Win | V28: Loss
A30: Week 5
A31: Week | B31: Date | C31: Home Conf | D31: Away Conf | E31: Away Team | F31: Home Team | G31: Model Line (Home) | H31: Market Line (Home) | I31: Spread Edge (pts) | J31: Ridge Line (Home) | K31: Massey Line (Home) | L31: Model Total | M31: Market Total | N31: Total Edge (pts) | O31: Away Pts | P31: Home Pts | Q31: Model Result (SU) | R31: XGBoost Line (Home) | S31: Gamma ATS | T31: Ridge ATS | U31: XGBoost ATS | V31: Massey ATS
A32: 5 | B32: 2026-10-03 | C32: ACC | D32: FBS Independents | E32: Notre Dame | F32: North Carolina | G32: 21.5 | H32: 21 | I32: -0.5 | J32: 11.2 | K32: 14.4 | L32: 48.3 | M32: 46.5 | N32: 1.8 | O32: 37 | P32: 26 | Q32: Win | R32: 17.1 | S32: Loss | T32: Win | U32: Win | V32: Win
A33: 5 | B33: 2026-10-03 | C33: FBS Independents | D33: ACC | E33: Syracuse | F33: UConn | G33: -2.2 | H33: 6.5 | I33: 8.7 | J33: -9.9 | K33: -0.2 | L33: 47.9 | M33: 51 | N33: -3.1 | O33: 42 | P33: 41 | Q33: Loss | R33: -3.3 | S33: Win | T33: Win | U33: Win | V33: Win

Sheet Mid-American Slate
A1: Mid-American Model ATS Record
A2: Metric | B2: Record (W-L-P) | C2: ATS %
A3: Rolling ATS (Season) | B3: 44-33-1 | C3: 0.571
A4: Weekly ATS (Wk 8) | B4: 4-3-0 | C4: 0.571
A5: Model pick W-L, straight-up (Wk 8) | B5: 5-2 | C5: 0.714
A7: Mid-American Standings
A8: Team | B8: Conf W | C8: Conf L | D8: Conf Pct | E8: Overall W | F8: Overall L
A9: Ohio | B9: 4 | C9: 0 | D9: 1 | E9: 6 | F9: 2
A10: Toledo | B10: 3 | C10: 1 | D10: 0.75 | E10: 6 | F10: 2
A11: Buffalo | B11: 3 | C11: 1 | D11: 0.75 | E11: 5 | F11: 3
A12: Miami (OH) | B12: 3 | C12: 1 | D12: 0.75 | E12: 5 | F12: 3
A13: Western Michigan | B13: 3 | C13: 1 | D13: 0.75 | E13: 5 | F13: 3
A14: Eastern Michigan | B14: 3 | C14: 2 | D14: 0.6 | E14: 4 | F14: 5
A15: Ball State | B15: 2 | C15: 2 | D15: 0.5 | E15: 3 | F15: 5
A16: Kent State | B16: 2 | C16: 2 | D16: 0.5 | E16: 3 | F16: 5
A17: Bowling Green | B17: 2 | C17: 2 | D17: 0.5 | E17: 2 | F17: 6
A18: Massachusetts | B18: 1 | C18: 3 | D18: 0.25 | E18: 4 | F18: 4
A19: Central Michigan | B19: 1 | C19: 3 | D19: 0.25 | E19: 3 | F19: 5
A20: Akron | B20: 0 | C20: 4 | D20: 0 | E20: 1 | F20: 7
A21: Sacramento State | B21: 0 | C21: 5 | D21: 0 | E21: 1 | F21: 7
A23: Week 9
A24: Week | B24: Date | C24: Home Conf | D24: Away Conf | E24: Away Team | F24: Home Team | G24: Model Line (Home) | H24: Market Line (Home) | I24: Spread Edge (pts) | J24: Ridge Line (Home) | K24: Massey Line (Home) | L24: Model Total | M24: Market Total | N24: Total Edge (pts) | O24: Away Pts | P24: Home Pts | Q24: Model Result (SU) | R24: XGBoost Line (Home) | S24: Gamma ATS | T24: Ridge ATS | U24: XGBoost ATS | V24: Massey ATS
A25: 9 | B25: 2026-10-31 | C25: Mid-American | D25: Mid-American | E25: Kent State | F25: Sacramento State | G25: 8.2 | H25: 11.5 | I25: 3.3 | J25: 2.7 | K25: 3.8 | L25: 45.7 | M25: 46.5 | N25: -0.8 | R25: 2
A26: 9 | B26: 2026-10-31 | C26: Mid-American | D26: Mid-American | E26: Bowling Green | F26: Western Michigan | G26: -16.5 | H26: -14 | I26: 2.5 | J26: -19.7 | K26: -16.2 | L26: 46.2 | M26: 43.5 | N26: 2.7 | R26: -16.1
A28: Week 8
A29: Week | B29: Date | C29: Home Conf | D29: Away Conf | E29: Away Team | F29: Home Team | G29: Model Line (Home) | H29: Market Line (Home) | I29: Spread Edge (pts) | J29: Ridge Line (Home) | K29: Massey Line (Home) | L29: Model Total | M29: Market Total | N29: Total Edge (pts) | O29: Away Pts | P29: Home Pts | Q29: Model Result (SU) | R29: XGBoost Line (Home) | S29: Gamma ATS | T29: Ridge ATS | U29: XGBoost ATS | V29: Massey ATS
A30: 8 | B30: 2026-10-23 | C30: FBS Independents | D30: Mid-American | E30: Massachusetts | F30: UConn | G30: -15.3 | H30: -12.8 | I30: 2.5 | J30: -24.2 | K30: -7.2 | L30: 53.5 | M30: 53.5 | N30: 0 | O30: 16 | P30: 35 | Q30: Win | R30: -21.2 | S30: Win | T30: Win | U30: Win | V30: Loss
A31: 8 | B31: 2026-10-24 | C31: Mid-American | D31: Mid-American | E31: Sacramento State | F31: Ball State | G31: -9.3 | H31: -14.2 | I31: -4.9 | J31: -2.3 | K31: -8.4 | L31: 51.1 | M31: 51.5 | N31: -0.4 | O31: 17 | P31: 34 | Q31: Win | R31: -7.7 | S31: Loss | T31: Loss | U31: Loss | V31: Loss
A32: 8 | B32: 2026-10-24 | C32: Mid-American | D32: Mid-American | E32: Bowling Green | F32: Buffalo | G32: -6.1 | H32: -3 | I32: 3.1 | J32: -7.2 | K32: -8.7 | L32: 44.6 | M32: 44.8 | N32: -0.2 | O32: 24 | P32: 31 | Q32: Win | R32: -5.7 | S32: Win | T32: Win | U32: Win | V32: Win
A33: 8 | B33: 2026-10-24 | C33: Mid-American | D33: Mid-American | E33: Miami (OH) | F33: Central Michigan | G33: -5.4 | H33: 3.2 | I33: 8.6 | J33: 2.2 | K33: 1.3 | L33: 48.4 | M33: 40.5 | N33: 7.9 | O33: 28 | P33: 27 | Q33: Loss | R33: 1.7 | S33: Win | T33: Win | U33: Win | V33: Win
A34: 8 | B34: 2026-10-24 | C34: Mid-American | D34: Mid-American | E34: Akron | F34: Kent State | G34: -6.9 | H34: -3 | I34: 3.9 | J34: -3.8 | K34: -0.8 | L34: 48 | M34: 47.5 | N34: 0.5 | O34: 20 | P34: 35 | Q34: Win | R34: -2.4 | S34: Win | T34: Win | U34: Win | V34: Loss
A35: 8 | B35: 2026-10-24 | C35: Mid-American | D35: Mid-American | E35: Eastern Michigan | F35: Ohio | G35: -15.8 | H35: -10 | I35: 5.8 | J35: -15.7 | K35: -13.2 | L35: 50.3 | M35: 48.5 | N35: 1.8 | O35: 20 | P35: 24 | Q35: Win | R35: -11.6 | S35: Loss | T35: Loss | U35: Loss | V35: Loss
A36: 8 | B36: 2026-10-24 | C36: Mid-American | D36: Mid-American | E36: Western Michigan | F36: Toledo | G36: 1.1 | H36: -3 | I36: -4.1 | J36: 3.6 | K36: -3.5 | L36: 47.8 | M36: 47.2 | N36: 0.6 | O36: 38 | P36: 45 | Q36: Loss | R36: 3.6 | S36: Loss | T36: Loss | U36: Loss | V36: Win
A38: Week 7
A39: Week | B39: Date | C39: Home Conf | D39: Away Conf | E39: Away Team | F39: Home Team | G39: Model Line (Home) | H39: Market Line (Home) | I39: Spread Edge (pts) | J39: Ridge Line (Home) | K39: Massey Line (Home) | L39: Model Total | M39: Market Total | N39: Total Edge (pts) | O39: Away Pts | P39: Home Pts | Q39: Model Result (SU) | R39: XGBoost Line (Home) | S39: Gamma ATS | T39: Ridge ATS | U39: XGBoost ATS | V39: Massey ATS
A40: 7 | B40: 2026-10-17 | C40: American Athletic | D40: Mid-American | E40: Kent State | F40: South Florida | G40: -19.7 | H40: -20.8 | I40: -1.1 | J40: -22.4 | K40: -20.5 | L40: 52.2 | M40: 45.5 | N40: 6.7 | O40: 2 | P40: 29 | Q40: Win | R40: -15.2 | S40: Loss | T40: Win | U40: Loss | V40: Win
A41: 7 | B41: 2026-10-17 | C41: Mid-American | D41: Mid-American | E41: Ball State | F41: Bowling Green | G41: -11.3 | H41: -6.5 | I41: 4.8 | J41: -8.3 | K41: -6.6 | L41: 48.7 | M41: 47.5 | N41: 1.2 | O41: 32 | P41: 31 | Q41: Loss | R41: -4.8 | S41: Loss | T41: Loss | U41: Win | V41: Loss
A42: 7 | B42: 2026-10-17 | C42: Mid-American | D42: Mid-American | E42: Massachusetts | F42: Buffalo | G42: -12.3 | H42: -6.2 | I42: 6.1 | J42: -11.3 | K42: 4.3 | L42: 48.4 | M42: 41.5 | N42: 6.9 | O42: 18 | P42: 25 | Q42: Win | R42: -14 | S42: Win | T42: Win | U42: Win | V42: Loss
A43: 7 | B43: 2026-10-17 | C43: Mid-American | D43: Mid-American | E43: Western Michigan | F43: Central Michigan | G43: 8.3 | H43: 6.5 | I43: -1.8 | J43: 9.9 | K43: 5.6 | L43: 46.8 | M43: 43.2 | N43: 3.6 | O43: 21 | P43: 14 | Q43: Win | R43: 6.3 | S43: Win | T43: Win | U43: Win | V43: Win
A44: 7 | B44: 2026-10-17 | C44: Mid-American | D44: Mid-American | E44: Toledo | F44: Eastern Michigan | G44: 11.1 | H44: 6.5 | I44: -4.6 | J44: 1 | K44: 4.9 | L44: 49.4 | M44: 53.5 | N44: -4.1 | O44: 34 | P44: 14 | Q44: Win | R44: 1.5 | S44: Win | T44: Loss | U44: Loss | V44: Loss
A45: 7 | B45: 2026-10-17 | C45: Mid-American | D45: Mid-American | E45: Akron | F45: Miami (OH) | G45: -7.9 | H45: -9.8 | I45: -1.9 | J45: -11.7 | K45: -12 | L45: 51.9 | M45: 46.5 | N45: 5.4 | O45: 14 | P45: 34 | Q45: Win | R45: -9.4 | S45: Loss | T45: Win | U45: Win | V45: Win
A46: 7 | B46: 2026-10-18 | C46: Mid-American | D46: Mid-American | E46: Ohio | F46: Sacramento State | G46: 19.6 | H46: 15.2 | I46: -4.4 | J46: 16.4 | K46: 11 | L46: 49.8 | M46: 48.2 | N46: 1.5 | O46: 48 | P46: 7 | Q46: Win | R46: 18.7 | S46: Win | T46: Win | U46: Win | V46: Loss
A48: Week 6
A49: Week | B49: Date | C49: Home Conf | D49: Away Conf | E49: Away Team | F49: Home Team | G49: Model Line (Home) | H49: Market Line (Home) | I49: Spread Edge (pts) | J49: Ridge Line (Home) | K49: Massey Line (Home) | L49: Model Total | M49: Market Total | N49: Total Edge (pts) | O49: Away Pts | P49: Home Pts | Q49: Model Result (SU) | R49: XGBoost Line (Home) | S49: Gamma ATS | T49: Ridge ATS | U49: XGBoost ATS | V49: Massey ATS
A50: 6 | B50: 2026-10-10 | C50: Big Ten | D50: Mid-American | E50: Ball State | F50: Northwestern | G50: -34.6 | H50: -35.8 | I50: -1.2 | J50: -34.3 | K50: -28.4 | L50: 53.2 | M50: 52.5 | N50: 0.7 | O50: 14 | P50: 45 | Q50: Win | R50: -26.4 | S50: Win | T50: Win | U50: Win | V50: Win
A51: 6 | B51: 2026-10-10 | C51: Mid-American | D51: Mid-American | E51: Eastern Michigan | F51: Akron | G51: 2.1 | H51: 6.5 | I51: 4.4 | J51: 3.6 | K51: 4.3 | L51: 49.8 | M51: 51.5 | N51: -1.7 | O51: 25 | P51: 23 | Q51: Win | R51: 5.3 | S51: Win | T51: Win | U51: Win | V51: Win
A52: 6 | B52: 2026-10-10 | C52: Mid-American | D52: Mid-American | E52: Sacramento State | F52: Bowling Green | G52: -14.6 | H52: -7.5 | I52: 7.1 | J52: -3.7 | K52: -0.4 | L52: 46.1 | M52: 43.5 | N52: 2.6 | O52: 10 | P52: 38 | Q52: Win | R52: -7.9 | S52: Win | T52: Loss | U52: Win | V52: Loss
A53: 6 | B53: 2026-10-10 | C53: Mid-American | D53: Mid-American | E53: Miami (OH) | F53: Massachusetts | G53: 5 | H53: 2.5 | I53: -2.5 | J53: 8.2 | K53: -9 | L53: 52.6 | M53: 47.5 | N53: 5.1 | O53: 20 | P53: 19 | Q53: Win | R53: 10.7 | S53: Loss | T53: Loss | U53: Loss | V53: Win
A54: 6 | B54: 2026-10-10 | C54: Mid-American | D54: Mid-American | E54: Central Michigan | F54: Ohio | G54: -3.1 | H54: -3 | I54: 0.1 | J54: -12.1 | K54: -5.4 | L54: 51.1 | M54: 46.2 | N54: 4.9 | O54: 14 | P54: 31 | Q54: Win | R54: -9.4 | S54: Win | T54: Win | U54: Win | V54: Win
A55: 6 | B55: 2026-10-10 | C55: Mid-American | D55: Mid-American | E55: Buffalo | F55: Toledo | G55: -16.2 | H55: -20.8 | I55: -4.6 | J55: -14.1 | K55: -19.9 | L55: 47.6 | M55: 55.5 | N55: -7.9 | O55: 23 | P55: 8 | Q55: Loss | R55: -15 | S55: Win | T55: Win | U55: Win | V55: Loss
A56: 6 | B56: 2026-10-10 | C56: Mid-American | D56: Mid-American | E56: Kent State | F56: Western Michigan | G56: -16.9 | H56: -13.5 | I56: 3.4 | J56: -18.8 | K56: -15.5 | L56: 46.5 | M56: 43.5 | N56: 3 | O56: 7 | P56: 38 | Q56: Win | R56: -16.2 | S56: Win | T56: Win | U56: Win | V56: Win
A58: Week 5
A59: Week | B59: Date | C59: Home Conf | D59: Away Conf | E59: Away Team | F59: Home Team | G59: Model Line (Home) | H59: Market Line (Home) | I59: Spread Edge (pts) | J59: Ridge Line (Home) | K59: Massey Line (Home) | L59: Model Total | M59: Market Total | N59: Total Edge (pts) | O59: Away Pts | P59: Home Pts | Q59: Model Result (SU) | R59: XGBoost Line (Home) | S59: Gamma ATS | T59: Ridge ATS | U59: XGBoost ATS | V59: Massey ATS
A60: 5 | B60: 2026-10-03 | C60: Mid-American | D60: Mid-American | E60: Toledo | F60: Ball State | G60: 21.5 | H60: 20.8 | I60: -0.7 | J60: 12 | K60: 18 | L60: 52.3 | M60: 52.2 | N60: 0.1 | O60: 39 | P60: 24 | Q60: Win | R60: 14.4 | S60: Loss | T60: Win | U60: Win | V60: Win
A61: 5 | B61: 2026-10-03 | C61: Mid-American | D61: Mid-American | E61: Western Michigan | F61: Buffalo | G61: 12.7 | H61: 13.2 | I61: 0.5 | J61: 10.3 | K61: 8.8 | L61: 45.3 | M61: 46.2 | N61: -0.9 | O61: 20 | P61: 17 | Q61: Win | R61: 6.4 | S61: Loss | T61: Win | U61: Win | V61: Win
A62: 5 | B62: 2026-10-03 | C62: Mid-American | D62: Mid-American | E62: Akron | F62: Central Michigan | G62: -12.1 | H62: -6.8 | I62: 5.3 | J62: -6.3 | K62: -5.1 | L62: 47 | M62: 47.2 | N62: -0.3 | O62: 17 | P62: 41 | Q62: Win | R62: -6.7 | S62: Win | T62: Win | U62: Win | V62: Loss
A63: 5 | B63: 2026-10-03 | C63: Mid-American | D63: Mid-American | E63: Ohio | F63: Kent State | G63: 5.5 | H63: 3.5 | I63: -2 | J63: 10.9 | K63: 10.7 | L63: 53.3 | M63: 50.8 | N63: 2.6 | O63: 13 | P63: 10 | Q63: Win | R63: 15.5 | S63: Loss | T63: Loss | U63: Loss | V63: Loss
A64: 5 | B64: 2026-10-03 | C64: Mid-American | D64: Mid-American | E64: Eastern Michigan | F64: Massachusetts | G64: -1.7 | H64: -5.8 | I64: -4.1 | J64: 1.4 | K64: -22.9 | L64: 48.3 | M64: 49.2 | N64: -1 | O64: 38 | P64: 14 | Q64: Loss | R64: 0.1 | S64: Win | T64: Win | U64: Win | V64: Loss
A65: 5 | B65: 2026-10-03 | C65: Mid-American | D65: Mid-American | E65: Bowling Green | F65: Miami (OH) | G65: -5.8 | H65: -11.2 | I65: -5.4 | J65: -13.7 | K65: -18.8 | L65: 48.6 | M65: 42.2 | N65: 6.4 | O65: 24 | P65: 20 | Q65: Loss | R65: -13.1 | S65: Win | T65: Loss | U65: Loss | V65: Loss

Sheet Mountain West Slate
A1: Mountain West Model ATS Record
A2: Metric | B2: Record (W-L-P) | C2: ATS %
A3: Rolling ATS (Season) | B3: 35-19-0 | C3: 0.648
A4: Weekly ATS (Wk 8) | B4: 3-1-0 | C4: 0.75
A5: Model pick W-L, straight-up (Wk 8) | B5: 2-2 | C5: 0.5
A7: Mountain West Standings
A8: Team | B8: Conf W | C8: Conf L | D8: Conf Pct | E8: Overall W | F8: Overall L
A9: New Mexico | B9: 3 | C9: 0 | D9: 1 | E9: 6 | F9: 1
A10: Wyoming | B10: 4 | C10: 1 | D10: 0.8 | E10: 5 | F10: 3
A11: UNLV | B11: 2 | C11: 1 | D11: 0.667 | E11: 4 | F11: 3
A12: North Dakota State | B12: 3 | C12: 2 | D12: 0.6 | E12: 6 | F12: 2
A13: Air Force | B13: 3 | C13: 2 | D13: 0.6 | E13: 5 | F13: 2
A14: San José State | B14: 2 | C14: 2 | D14: 0.5 | E14: 4 | F14: 4
A15: Nevada | B15: 2 | C15: 2 | D15: 0.5 | E15: 3 | F15: 4
A16: Hawai'i | B16: 1 | C16: 4 | D16: 0.2 | E16: 2 | F16: 6
A17: UTEP | B17: 0 | C17: 3 | D17: 0 | E17: 1 | F17: 6
A18: Northern Illinois | B18: 0 | C18: 3 | D18: 0 | E18: 0 | F18: 7
A20: Week 9
A21: Week | B21: Date | C21: Home Conf | D21: Away Conf | E21: Away Team | F21: Home Team | G21: Model Line (Home) | H21: Market Line (Home) | I21: Spread Edge (pts) | J21: Ridge Line (Home) | K21: Massey Line (Home) | L21: Model Total | M21: Market Total | N21: Total Edge (pts) | O21: Away Pts | P21: Home Pts | Q21: Model Result (SU) | R21: XGBoost Line (Home) | S21: Gamma ATS | T21: Ridge ATS | U21: XGBoost ATS | V21: Massey ATS
A22: 9 | B22: 2026-10-31 | C22: Big Ten | D22: Mountain West | E22: Nevada | F22: UCLA | G22: -21.2 | H22: -22.5 | I22: -1.3 | J22: -23.3 | K22: -19.5 | L22: 43.5 | M22: 44.5 | N22: -1 | R22: -20.6
A23: 9 | B23: 2026-10-31 | C23: Mountain West | D23: FBS Independents | E23: UConn | F23: Air Force | G23: -5.2 | H23: -3 | I23: 2.2 | J23: -9.8 | K23: 1.5 | L23: 53.2 | M23: 53.5 | N23: -0.3 | R23: -2.8
A24: 9 | B24: 2026-10-31 | C24: Mountain West | D24: Mountain West | E24: UTEP | F24: North Dakota State | G24: -36 | H24: -26.5 | I24: 9.5 | J24: -31.6 | K24: -29.3 | L24: 43.3 | M24: 44.5 | N24: -1.2 | R24: -18.6
A25: 9 | B25: 2026-10-31 | C25: Mountain West | D25: Mountain West | E25: New Mexico | F25: San José State | G25: 14.9 | H25: 14.5 | I25: -0.4 | J25: 20.2 | K25: 16.3 | L25: 45.6 | M25: 41.5 | N25: 4.1 | R25: 16
A26: 9 | B26: 2026-11-01 | C26: Mountain West | D26: Mountain West | E26: Northern Illinois | F26: UNLV | G26: -27.9 | H26: -24.5 | I26: 3.4 | J26: -21.3 | K26: -19.7 | L26: 44.4 | M26: 52.5 | N26: -8.1 | R26: -19.3
A28: Week 8
A29: Week | B29: Date | C29: Home Conf | D29: Away Conf | E29: Away Team | F29: Home Team | G29: Model Line (Home) | H29: Market Line (Home) | I29: Spread Edge (pts) | J29: Ridge Line (Home) | K29: Massey Line (Home) | L29: Model Total | M29: Market Total | N29: Total Edge (pts) | O29: Away Pts | P29: Home Pts | Q29: Model Result (SU) | R29: XGBoost Line (Home) | S29: Gamma ATS | T29: Ridge ATS | U29: XGBoost ATS | V29: Massey ATS
A30: 8 | B30: 2026-10-24 | C30: Mountain West | D30: Mountain West | E30: San José State | F30: Nevada | G30: -10.3 | H30: -6.8 | I30: 3.5 | J30: -3.3 | K30: -5.9 | L30: 46.8 | M30: 46.5 | N30: 0.3 | O30: 13 | P30: 28 | Q30: Win | R30: -4.6 | S30: Win | T30: Loss | U30: Loss | V30: Win
A31: 8 | B31: 2026-10-24 | C31: Mountain West | D31: Mountain West | E31: Hawai'i | F31: Northern Illinois | G31: 5.2 | H31: 4 | I31: -1.2 | J31: 5.2 | K31: 0.9 | L31: 43.7 | M31: 47.5 | N31: -3.8 | O31: 56 | P31: 21 | Q31: Win | R31: 0.4 | S31: Win | T31: Win | U31: Loss | V31: Loss
A32: 8 | B32: 2026-10-24 | C32: Mountain West | D32: Mountain West | E32: Air Force | F32: Wyoming | G32: 5.3 | H32: 5.5 | I32: 0.2 | J32: 6.3 | K32: 7.6 | L32: 47.7 | M32: 46.5 | N32: 1.2 | O32: 14 | P32: 28 | Q32: Loss | R32: 3.4 | S32: Loss | T32: Loss | U32: Win | V32: Loss
A33: 8 | B33: 2026-10-25 | C33: Mountain West | D33: Mountain West | E33: North Dakota State | F33: New Mexico | G33: 2.9 | H33: -4.5 | I33: -7.4 | J33: 5.6 | K33: -7.4 | L33: 42.5 | M33: 40.5 | N33: 2 | O33: 16 | P33: 21 | Q33: Loss | R33: 3.1 | S33: Loss | T33: Loss | U33: Loss | V33: Win
A35: Week 7
A36: Week | B36: Date | C36: Home Conf | D36: Away Conf | E36: Away Team | F36: Home Team | G36: Model Line (Home) | H36: Market Line (Home) | I36: Spread Edge (pts) | J36: Ridge Line (Home) | K36: Massey Line (Home) | L36: Model Total | M36: Market Total | N36: Total Edge (pts) | O36: Away Pts | P36: Home Pts | Q36: Model Result (SU) | R36: XGBoost Line (Home) | S36: Gamma ATS | T36: Ridge ATS | U36: XGBoost ATS | V36: Massey ATS
A37: 7 | B37: 2026-10-17 | C37: Mountain West | D37: Mountain West | E37: UNLV | F37: Air Force | G37: 3.7 | H37: 1.2 | I37: -2.5 | J37: 4.8 | K37: -5 | L37: 47.2 | M37: 48.5 | N37: -1.3 | O37: 31 | P37: 41 | Q37: Loss | R37: 1.2 | S37: Loss | T37: Loss | U37: Loss | V37: Win
A38: 7 | B38: 2026-10-17 | C38: Mountain West | D38: Mountain West | E38: Nevada | F38: North Dakota State | G38: -24.9 | H38: -14.8 | I38: 10.1 | J38: -22.8 | K38: -13.4 | L38: 45.1 | M38: 42.5 | N38: 2.6 | O38: 17 | P38: 31 | Q38: Win | R38: -25.3 | S38: Loss | T38: Loss | U38: Loss | V38: Win
A39: 7 | B39: 2026-10-17 | C39: Mountain West | D39: Mountain West | E39: Northern Illinois | F39: Wyoming | G39: -11.7 | H39: -7.8 | I39: 3.9 | J39: -7.6 | K39: -7.2 | L39: 40.3 | M39: 40.5 | N39: -0.2 | O39: 23 | P39: 41 | Q39: Win | R39: -6.2 | S39: Win | T39: Win | U39: Loss | V39: Win
A40: 7 | B40: 2026-10-18 | C40: Mountain West | D40: Mountain West | E40: New Mexico | F40: Hawai'i | G40: 10.3 | H40: 15.5 | I40: 5.2 | J40: 14.4 | K40: 23.5 | L40: 45.4 | M40: 44.5 | N40: 0.9 | O40: 21 | P40: 10 | Q40: Win | R40: 10.7 | S40: Win | T40: Win | U40: Win | V40: Loss
A41: 7 | B41: 2026-10-18 | C41: Mountain West | D41: Mountain West | E41: San José State | F41: UTEP | G41: 0.9 | H41: 7.2 | I41: 6.3 | J41: 5.5 | K41: 9.6 | L41: 46.6 | M41: 46.8 | N41: -0.2 | O41: 24 | P41: 11 | Q41: Win | R41: 4.1 | S41: Loss | T41: Loss | U41: Loss | V41: Win
A43: Week 6
A44: Week | B44: Date | C44: Home Conf | D44: Away Conf | E44: Away Team | F44: Home Team | G44: Model Line (Home) | H44: Market Line (Home) | I44: Spread Edge (pts) | J44: Ridge Line (Home) | K44: Massey Line (Home) | L44: Model Total | M44: Market Total | N44: Total Edge (pts) | O44: Away Pts | P44: Home Pts | Q44: Model Result (SU) | R44: XGBoost Line (Home) | S44: Gamma ATS | T44: Ridge ATS | U44: XGBoost ATS | V44: Massey ATS
A45: 6 | B45: 2026-10-11 | C45: Big 12 | D45: Mountain West | E45: Hawai'i | F45: Arizona State | G45: -17.3 | H45: -20.8 | I45: -3.5 | J45: -17.2 | K45: -14.5 | L45: 47.9 | M45: 50.5 | N45: -2.6 | O45: 12 | P45: 30 | Q45: Win | R45: -14.6 | S45: Win | T45: Win | U45: Win | V45: Win
A46: 6 | B46: 2026-10-10 | C46: Mountain West | D46: Mountain West | E46: Air Force | F46: Northern Illinois | G46: 9.3 | H46: 7.5 | I46: -1.8 | J46: 9.4 | K46: 9.9 | L46: 41.3 | M46: 46.8 | N46: -5.5 | O46: 28 | P46: 7 | Q46: Win | R46: 4.2 | S46: Win | T46: Win | U46: Loss | V46: Win
A47: 6 | B47: 2026-10-10 | C47: Mountain West | D47: Mountain West | E47: Wyoming | F47: San José State | G47: -5 | H47: -4.5 | I47: 0.5 | J47: 1.5 | K47: -7.5 | L47: 45.6 | M47: 42.5 | N47: 3.1 | O47: 16 | P47: 13 | Q47: Loss | R47: 0.4 | S47: Loss | T47: Win | U47: Win | V47: Loss
A48: 6 | B48: 2026-10-10 | C48: Mountain West | D48: Mountain West | E48: North Dakota State | F48: UNLV | G48: 12.1 | H48: 3 | I48: -9.1 | J48: 8.1 | K48: 9.4 | L48: 43.9 | M48: 47.5 | N48: -3.6 | O48: 7 | P48: 13 | Q48: Loss | R48: 4.3 | S48: Loss | T48: Loss | U48: Loss | V48: Loss
A49: 6 | B49: 2026-10-10 | C49: Mountain West | D49: Mountain West | E49: Nevada | F49: UTEP | G49: 7.3 | H49: 9.8 | I49: 2.5 | J49: 5 | K49: 11.7 | L49: 45 | M49: 49.5 | N49: -4.5 | O49: 30 | P49: 13 | Q49: Win | R49: 6.4 | S49: Loss | T49: Loss | U49: Loss | V49: Win
A51: Week 5
A52: Week | B52: Date | C52: Home Conf | D52: Away Conf | E52: Away Team | F52: Home Team | G52: Model Line (Home) | H52: Market Line (Home) | I52: Spread Edge (pts) | J52: Ridge Line (Home) | K52: Massey Line (Home) | L52: Model Total | M52: Market Total | N52: Total Edge (pts) | O52: Away Pts | P52: Home Pts | Q52: Model Result (SU) | R52: XGBoost Line (Home) | S52: Gamma ATS | T52: Ridge ATS | U52: XGBoost ATS | V52: Massey ATS
A53: 5 | B53: 2026-10-03 | C53: Mountain West | D53: American Athletic | E53: Navy | F53: Air Force | G53: 4.5 | H53: -2.8 | I53: -7.3 | J53: -8.5 | K53: -7 | L53: 55.1 | M53: 45.2 | N53: 9.8 | O53: 9 | P53: 14 | Q53: Loss | R53: -4.4 | S53: Loss | T53: Win | U53: Win | V53: Win
A54: 5 | B54: 2026-10-03 | C54: Mountain West | D54: Mountain West | E54: UTEP | F54: New Mexico | G54: -27.6 | H54: -23.2 | I54: 4.4 | J54: -22.1 | K54: -26.6 | L54: 43.7 | M54: 47.8 | N54: -4.1 | O54: 7 | P54: 61 | Q54: Win | R54: -23.9 | S54: Win | T54: Loss | U54: Win | V54: Win
A55: 5 | B55: 2026-10-03 | C55: Mountain West | D55: Mountain West | E55: Wyoming | F55: North Dakota State | G55: -29.3 | H55: -17.2 | I55: 12.1 | J55: -22 | K55: -19.5 | L55: 46.7 | M55: 44.5 | N55: 2.2 | O55: 0 | P55: 28 | Q55: Win | R55: -23.1 | S55: Win | T55: Win | U55: Win | V55: Win
A56: 5 | B56: 2026-10-03 | C56: Mountain West | D56: ACC | E56: California | F56: UNLV | G56: -3.3 | H56: -1.8 | I56: 1.5 | J56: -15.5 | K56: -0.8 | L56: 45.6 | M56: 52.2 | N56: -6.7 | O56: 31 | P56: 39 | Q56: Win | R56: -7.9 | S56: Win | T56: Win | U56: Win | V56: Loss
A57: 5 | B57: 2026-10-04 | C57: Mountain West | D57: Mountain West | E57: San José State | F57: Hawai'i | G57: -5.2 | H57: -2.8 | I57: 2.4 | J57: -6.7 | K57: 3.5 | L57: 48.5 | M57: 51.2 | N57: -2.7 | O57: 20 | P57: 16 | Q57: Loss | R57: -6.4 | S57: Loss | T57: Loss | U57: Loss | V57: Win

Sheet Pac-12 Slate
A1: Pac-12 Model ATS Record
A2: Metric | B2: Record (W-L-P) | C2: ATS %
A3: Rolling ATS (Season) | B3: 26-19-0 | C3: 0.578
A4: Weekly ATS (Wk 8) | B4: 1-2-0 | C4: 0.333
A5: Model pick W-L, straight-up (Wk 8) | B5: 2-1 | C5: 0.667
A7: Pac-12 Standings
A8: Team | B8: Conf W | C8: Conf L | D8: Conf Pct | E8: Overall W | F8: Overall L
A9: Boise State | B9: 3 | C9: 0 | D9: 1 | E9: 6 | F9: 1
A10: Oregon State | B10: 3 | C10: 0 | D10: 1 | E10: 5 | F10: 2
A11: Texas State | B11: 2 | C11: 1 | D11: 0.667 | E11: 4 | F11: 3
A12: San Diego State | B12: 2 | C12: 2 | D12: 0.5 | E12: 3 | F12: 5
A13: Fresno State | B13: 1 | C13: 2 | D13: 0.333 | E13: 4 | F13: 3
A14: Colorado State | B14: 1 | C14: 2 | D14: 0.333 | E14: 3 | F14: 4
A15: Utah State | B15: 1 | C15: 2 | D15: 0.333 | E15: 2 | F15: 5
A16: Washington State | B16: 0 | C16: 4 | D16: 0 | E16: 1 | F16: 7
A18: Week 9
A19: Week | B19: Date | C19: Home Conf | D19: Away Conf | E19: Away Team | F19: Home Team | G19: Model Line (Home) | H19: Market Line (Home) | I19: Spread Edge (pts) | J19: Ridge Line (Home) | K19: Massey Line (Home) | L19: Model Total | M19: Market Total | N19: Total Edge (pts) | O19: Away Pts | P19: Home Pts | Q19: Model Result (SU) | R19: XGBoost Line (Home) | S19: Gamma ATS | T19: Ridge ATS | U19: XGBoost ATS | V19: Massey ATS
A20: 9 | B20: 2026-10-31 | C20: Pac-12 | D20: Pac-12 | E20: Washington State | F20: San Diego State | G20: -1.6 | H20: -3 | I20: -1.4 | J20: -3.7 | K20: -1.3 | L20: 40.3 | M20: 48.5 | N20: -8.2 | R20: -6.2
A21: 9 | B21: 2026-10-31 | C21: Pac-12 | D21: Pac-12 | E21: Colorado State | F21: Utah State | G21: -11.7 | H21: -5.5 | I21: 6.2 | J21: -5.9 | K21: -3.4 | L21: 52 | M21: 63.5 | N21: -11.5 | R21: -5.3
A22: 9 | B22: 2026-11-01 | C22: Pac-12 | D22: Pac-12 | E22: Texas State | F22: Boise State | G22: -12 | H22: -11.5 | I22: 0.5 | J22: -14 | K22: -11 | L22: 61.9 | M22: 63.5 | N22: -1.6 | R22: -13
A23: 9 | B23: 2026-11-01 | C23: Pac-12 | D23: Pac-12 | E23: Oregon State | F23: Fresno State | G23: 1.1 | H23: 7 | I23: 5.9 | J23: -4.9 | K23: 8 | L23: 51.1 | M23: 57.5 | N23: -6.4 | R23: -6.7
A25: Week 8
A26: Week | B26: Date | C26: Home Conf | D26: Away Conf | E26: Away Team | F26: Home Team | G26: Model Line (Home) | H26: Market Line (Home) | I26: Spread Edge (pts) | J26: Ridge Line (Home) | K26: Massey Line (Home) | L26: Model Total | M26: Market Total | N26: Total Edge (pts) | O26: Away Pts | P26: Home Pts | Q26: Model Result (SU) | R26: XGBoost Line (Home) | S26: Gamma ATS | T26: Ridge ATS | U26: XGBoost ATS | V26: Massey ATS
A27: 8 | B27: 2026-10-24 | C27: Pac-12 | D27: Pac-12 | E27: San Diego State | F27: Colorado State | G27: 9 | H27: 1.2 | I27: -7.8 | J27: 4.6 | K27: -3.2 | L27: 50.4 | M27: 61.5 | N27: -11.1 | O27: 49 | P27: 56 | Q27: Loss | R27: 3.8 | S27: Loss | T27: Loss | U27: Loss | V27: Win
A28: 8 | B28: 2026-10-24 | C28: Pac-12 | D28: Pac-12 | E28: Utah State | F28: Texas State | G28: -0.2 | H28: -13.5 | I28: -13.3 | J28: -10.1 | K28: -11.2 | L28: 54.6 | M28: 61.2 | N28: -6.7 | O28: 17 | P28: 20 | Q28: Win | R28: -10.9 | S28: Win | T28: Win | U28: Win | V28: Win
A29: 8 | B29: 2026-10-24 | C29: Pac-12 | D29: Pac-12 | E29: Boise State | F29: Washington State | G29: 8.1 | H29: 13.5 | I29: 5.4 | J29: 15.5 | K29: 12.7 | L29: 48.7 | M29: 53.5 | N29: -4.8 | O29: 31 | P29: 10 | Q29: Win | R29: 12.3 | S29: Loss | T29: Win | U29: Loss | V29: Win
A31: Week 7
A32: Week | B32: Date | C32: Home Conf | D32: Away Conf | E32: Away Team | F32: Home Team | G32: Model Line (Home) | H32: Market Line (Home) | I32: Spread Edge (pts) | J32: Ridge Line (Home) | K32: Massey Line (Home) | L32: Model Total | M32: Market Total | N32: Total Edge (pts) | O32: Away Pts | P32: Home Pts | Q32: Model Result (SU) | R32: XGBoost Line (Home) | S32: Gamma ATS | T32: Ridge ATS | U32: XGBoost ATS | V32: Massey ATS
A33: 7 | B33: 2026-10-16 | C33: Pac-12 | D33: Pac-12 | E33: Colorado State | F33: Texas State | G33: -11.6 | H33: -14.8 | I33: -3.2 | J33: -13.6 | K33: -3.6 | L33: 60.9 | M33: 70.5 | N33: -9.6 | O33: 27 | P33: 66 | Q33: Win | R33: -15 | S33: Loss | T33: Loss | U33: Win | V33: Loss
A34: 7 | B34: 2026-10-17 | C34: Pac-12 | D34: Pac-12 | E34: Washington State | F34: Oregon State | G34: -6 | H34: -18.2 | I34: -12.2 | J34: -5.7 | K34: -21.2 | L34: 45.2 | M34: 52.5 | N34: -7.3 | O34: 30 | P34: 48 | Q34: Win | R34: -5.5 | S34: Win | T34: Win | U34: Win | V34: Loss
A35: 7 | B35: 2026-10-18 | C35: Pac-12 | D35: Pac-12 | E35: Fresno State | F35: San Diego State | G35: 1.8 | H35: 7.5 | I35: 5.7 | J35: 6.3 | K35: 9.3 | L35: 42.6 | M35: 45.5 | N35: -2.9 | O35: 23 | P35: 26 | Q35: Loss | R35: 5.2 | S35: Win | T35: Win | U35: Win | V35: Loss
A37: Week 6
A38: Week | B38: Date | C38: Home Conf | D38: Away Conf | E38: Away Team | F38: Home Team | G38: Model Line (Home) | H38: Market Line (Home) | I38: Spread Edge (pts) | J38: Ridge Line (Home) | K38: Massey Line (Home) | L38: Model Total | M38: Market Total | N38: Total Edge (pts) | O38: Away Pts | P38: Home Pts | Q38: Model Result (SU) | R38: XGBoost Line (Home) | S38: Gamma ATS | T38: Ridge ATS | U38: XGBoost ATS | V38: Massey ATS
A39: 6 | B39: 2026-10-10 | C39: Pac-12 | D39: Pac-12 | E39: San Diego State | F39: Oregon State | G39: -6.7 | H39: -15.5 | I39: -8.8 | J39: -1.6 | K39: -14.4 | L39: 47.8 | M39: 53.2 | N39: -5.5 | O39: 14 | P39: 66 | Q39: Win | R39: 0.4 | S39: Loss | T39: Loss | U39: Loss | V39: Loss
A40: 6 | B40: 2026-10-10 | C40: Pac-12 | D40: Pac-12 | E40: Washington State | F40: Utah State | G40: -1.5 | H40: -5.5 | I40: -4 | J40: -0.2 | K40: -3.6 | L40: 40.4 | M40: 43.5 | N40: -3.1 | O40: 16 | P40: 17 | Q40: Win | R40: -1.3 | S40: Win | T40: Win | U40: Win | V40: Win
A41: 6 | B41: 2026-10-11 | C41: Pac-12 | D41: Pac-12 | E41: Boise State | F41: Fresno State | G41: 6.8 | H41: 6.5 | I41: -0.3 | J41: 3.1 | K41: 3 | L41: 48.3 | M41: 48.2 | N41: 0.1 | O41: 38 | P41: 31 | Q41: Win | R41: 3.6 | S41: Win | T41: Loss | U41: Loss | V41: Loss
A43: Week 5
A44: Week | B44: Date | C44: Home Conf | D44: Away Conf | E44: Away Team | F44: Home Team | G44: Model Line (Home) | H44: Market Line (Home) | I44: Spread Edge (pts) | J44: Ridge Line (Home) | K44: Massey Line (Home) | L44: Model Total | M44: Market Total | N44: Total Edge (pts) | O44: Away Pts | P44: Home Pts | Q44: Model Result (SU) | R44: XGBoost Line (Home) | S44: Gamma ATS | T44: Ridge ATS | U44: XGBoost ATS | V44: Massey ATS
A45: 5 | B45: 2026-10-03 | C45: Pac-12 | D45: Pac-12 | E45: Utah State | F45: Boise State | G45: -13.2 | H45: -19.5 | I45: -6.3 | J45: -18.4 | K45: -16 | L45: 49.5 | M45: 51 | N45: -1.5 | O45: 18 | P45: 37 | Q45: Win | R45: -15.8 | S45: Win | T45: Win | U45: Win | V45: Win
A46: 5 | B46: 2026-10-03 | C46: Pac-12 | D46: Pac-12 | E46: Oregon State | F46: Colorado State | G46: 6.8 | H46: 7 | I46: 0.2 | J46: -1.3 | K46: 0.8 | L46: 56.2 | M46: 61.5 | N46: -5.3 | O46: 56 | P46: 26 | Q46: Win | R46: -2.1 | S46: Win | T46: Loss | U46: Loss | V46: Loss
A47: 5 | B47: 2026-10-04 | C47: Pac-12 | D47: Pac-12 | E47: Texas State | F47: San Diego State | G47: 2.1 | H47: 9.8 | I47: 7.7 | J47: 2.8 | K47: 1.1 | L47: 53.5 | M47: 57.5 | N47: -4 | O47: 29 | P47: 31 | Q47: Loss | R47: 0.6 | S47: Win | T47: Win | U47: Win | V47: Win
A48: 5 | B48: 2026-10-04 | C48: Pac-12 | D48: Pac-12 | E48: Fresno State | F48: Washington State | G48: -7.2 | H48: -2.2 | I48: 5 | J48: 2.5 | K48: 3 | L48: 41.4 | M48: 45 | N48: -3.6 | O48: 26 | P48: 6 | Q48: Loss | R48: -0.3 | S48: Loss | T48: Win | U48: Win | V48: Win

Sheet SEC Slate
A1: SEC Model ATS Record
A2: Metric | B2: Record (W-L-P) | C2: ATS %
A3: Rolling ATS (Season) | B3: 38-41-0 | C3: 0.481
A4: Weekly ATS (Wk 8) | B4: 2-4-0 | C4: 0.333
A5: Model pick W-L, straight-up (Wk 8) | B5: 5-1 | C5: 0.833
A7: SEC Standings
A8: Team | B8: Conf W | C8: Conf L | D8: Conf Pct | E8: Overall W | F8: Overall L
A9: Kentucky | B9: 5 | C9: 1 | D9: 0.833 | E9: 7 | F9: 1
A10: Georgia | B10: 4 | C10: 1 | D10: 0.8 | E10: 6 | F10: 1
A11: Alabama | B11: 4 | C11: 2 | D11: 0.667 | E11: 6 | F11: 2
A12: LSU | B12: 3 | C12: 2 | D12: 0.6 | E12: 6 | F12: 2
A13: Tennessee | B13: 3 | C13: 2 | D13: 0.6 | E13: 6 | F13: 2
A14: Florida | B14: 3 | C14: 2 | D14: 0.6 | E14: 5 | F14: 2
A15: Ole Miss | B15: 3 | C15: 2 | D15: 0.6 | E15: 5 | F15: 2
A16: Missouri | B16: 2 | C16: 2 | D16: 0.5 | E16: 5 | F16: 2
A17: Texas | B17: 2 | C17: 2 | D17: 0.5 | E17: 5 | F17: 2
A18: Oklahoma | B18: 2 | C18: 2 | D18: 0.5 | E18: 4 | F18: 3
A19: Auburn | B19: 2 | C19: 3 | D19: 0.4 | E19: 4 | F19: 3
A20: Mississippi State | B20: 2 | C20: 3 | D20: 0.4 | E20: 4 | F20: 3
... A24: Vanderbilt | B24: 0 | C24: 5 | D24: 0 | E24: 3 | F24: 5
A26: Week 9
A27: Week | B27: Date | C27: Home Conf | D27: Away Conf | E27: Away Team | F27: Home Team | G27: Model Line (Home) | H27: Market Line (Home) | I27: Spread Edge (pts) | J27: Ridge Line (Home) | K27: Massey Line (Home) | L27: Model Total | M27: Market Total | N27: Total Edge (pts) | O27: Away Pts | P27: Home Pts | Q27: Model Result (SU) | R27: XGBoost Line (Home) | S27: Gamma ATS | T27: Ridge ATS | U27: XGBoost ATS | V27: Massey ATS
A28: 9 | B28: 2026-10-31 | C28: SEC | D28: SEC | E28: Missouri | F28: Arkansas | G28: 6 | H28: 10 | I28: 4 | J28: 9.6 | K28: 8.3 | L28: 50.5 | M28: 48.5 | N28: 2 | R28: 9.6
A29: 9 | B29: 2026-10-31 | C29: SEC | D29: SEC | E29: Florida | F29: Georgia | G29: -11.7 | H29: -10.5 | I29: 1.2 | J29: -13.4 | K29: -8.1 | L29: 51.2 | M29: 56.5 | N29: -5.3 | R29: -16.9
A30: 9 | B30: 2026-10-31 | C30: SEC | D30: SEC | E30: South Carolina | F30: Oklahoma | G30: -0.6 | H30: -3.5 | I30: -2.9 | J30: -6.2 | K30: 0.1 | L30: 42.9 | M30: 44.5 | N30: -1.6 | R30: -6.6
A31: 9 | B31: 2026-10-31 | C31: SEC | D31: SEC | E31: Auburn | F31: Ole Miss | G31: -14.7 | H31: -13.5 | I31: 1.2 | J31: -19.5 | K31: -9.1 | L31: 50.8 | M31: 57.5 | N31: -6.7 | R31: -16.8
A32: 9 | B32: 2026-10-31 | C32: SEC | D32: SEC | E32: Mississippi State | F32: Texas | G32: -16.9 | H32: -21 | I32: -4.1 | J32: -24 | K32: -10.9 | L32: 49.7 | M32: 50.5 | N32: -0.8 | R32: -19.1
A34: Week 8
A35: Week | B35: Date | C35: Home Conf | D35: Away Conf | E35: Away Team | F35: Home Team | G35: Model Line (Home) | H35: Market Line (Home) | I35: Spread Edge (pts) | J35: Ridge Line (Home) | K35: Massey Line (Home) | L35: Model Total | M35: Market Total | N35: Total Edge (pts) | O35: Away Pts | P35: Home Pts | Q35: Model Result (SU) | R35: XGBoost Line (Home) | S35: Gamma ATS | T35: Ridge ATS | U35: XGBoost ATS | V35: Massey ATS
A36: 8 | B36: 2026-10-24 | C36: SEC | D36: SEC | E36: Texas A&M | F36: Alabama | G36: -8.8 | H36: -13.5 | I36: -4.7 | J36: -8.1 | K36: -12.9 | L36: 46.3 | M36: 50.5 | N36: -4.2 | O36: 20 | P36: 31 | Q36: Win | R36: -9 | S36: Win | T36: Win | U36: Win | V36: Loss
A37: 8 | B37: 2026-10-24 | C37: SEC | D37: SEC | E37: LSU | F37: Auburn | G37: 2.5 | H37: 7 | I37: 4.5 | J37: 8.5 | K37: 11 | L37: 43.9 | M37: 51.2 | N37: -7.3 | O37: 38 | P37: 17 | Q37: Win | R37: 9.7 | S37: Loss | T37: Win | U37: Win | V37: Win
A38: 8 | B38: 2026-10-24 | C38: SEC | D38: SEC | E38: Vanderbilt | F38: Kentucky | G38: -1.8 | H38: -10.8 | I38: -9 | J38: -6.7 | K38: -16.8 | L38: 49.6 | M38: 52.2 | N38: -2.7 | O38: 17 | P38: 34 | Q38: Win | R38: -1.7 | S38: Loss | T38: Loss | U38: Loss | V38: Win
A39: 8 | B39: 2026-10-24 | C39: SEC | D39: SEC | E39: Oklahoma | F39: Mississippi State | G39: 10.3 | H39: 3.2 | I39: -7.1 | J39: 5.3 | K39: -4.3 | L39: 45.2 | M39: 46.5 | N39: -1.3 | O39: 23 | P39: 15 | Q39: Win | R39: 5.7 | S39: Win | T39: Win | U39: Win | V39: Loss
A40: 8 | B40: 2026-10-24 | C40: SEC | D40: SEC | E40: Tennessee | F40: South Carolina | G40: 7.7 | H40: -2.5 | I40: -10.2 | J40: 8 | K40: 2.8 | L40: 50.8 | M40: 50.5 | N40: 0.3 | O40: 24 | P40: 27 | Q40: Loss | R40: 2 | S40: Loss | T40: Loss | U40: Loss | V40: Loss
A41: 8 | B41: 2026-10-24 | C41: SEC | D41: SEC | E41: Ole Miss | F41: Texas | G41: -0.4 | H41: -3 | I41: -2.6 | J41: -4.3 | K41: -3.9 | L41: 50.1 | M41: 53.8 | N41: -3.7 | O41: 27 | P41: 34 | Q41: Win | R41: -4.6 | S41: Loss | T41: Win | U41: Win | V41: Win
A43: Week 7
A44: Week | B44: Date | C44: Home Conf | D44: Away Conf | E44: Away Team | F44: Home Team | G44: Model Line (Home) | H44: Market Line (Home) | I44: Spread Edge (pts) | J44: Ridge Line (Home) | K44: Massey Line (Home) | L44: Model Total | M44: Market Total | N44: Total Edge (pts) | O44: Away Pts | P44: Home Pts | Q44: Model Result (SU) | R44: XGBoost Line (Home) | S44: Gamma ATS | T44: Ridge ATS | U44: XGBoost ATS | V44: Massey ATS
A45: 7 | B45: 2026-10-17 | C45: SEC | D45: SEC | E45: Auburn | F45: Georgia | G45: -19 | H45: -21 | I45: -2 | J45: -29.9 | K45: -19.9 | L45: 48.5 | M45: 49.5 | N45: -1 | O45: 27 | P45: 24 | Q45: Loss | R45: -25.7 | S45: Win | T45: Loss | U45: Loss | V45: Win
A46: 7 | B46: 2026-10-17 | C46: SEC | D46: SEC | E46: Mississippi State | F46: LSU | G46: -17.1 | H46: -14.5 | I46: 2.6 | J46: -12 | K46: -9.7 | L46: 51.9 | M46: 57.8 | N46: -5.8 | O46: 0 | P46: 31 | Q46: Win | R46: -11.1 | S46: Win | T46: Loss | U46: Loss | V46: Loss
A47: 7 | B47: 2026-10-17 | C47: SEC | D47: SEC | E47: Kentucky | F47: Oklahoma | G47: -10.3 | H47: -6.5 | I47: 3.8 | J47: -10.5 | K47: -1.2 | L47: 41.2 | M47: 43.5 | N47: -2.3 | O47: 21 | P47: 13 | Q47: Loss | R47: -13.3 | S47: Loss | T47: Loss | U47: Loss | V47: Win
A48: 7 | B48: 2026-10-17 | C48: SEC | D48: SEC | E48: Missouri | F48: Ole Miss | G48: -6.9 | H48: -5.2 | I48: 1.7 | J48: -7.7 | K48: 3.7 | L48: 52.4 | M48: 58.8 | N48: -6.3 | O48: 3 | P48: 31 | Q48: Win | R48: -10.3 | S48: Win | T48: Win | U48: Win | V48: Loss
A49: 7 | B49: 2026-10-17 | C49: SEC | D49: SEC | E49: Alabama | F49: Tennessee | G49: 3.4 | H49: 7.5 | I49: 4.1 | J49: 2.9 | K49: 7.9 | L49: 51.1 | M49: 50.8 | N49: 0.4 | O49: 10 | P49: 26 | Q49: Loss | R49: 3.2 | S49: Win | T49: Win | U49: Win | V49: Loss
A50: 7 | B50: 2026-10-17 | C50: SEC | D50: SEC | E50: Florida | F50: Texas | G50: -21.4 | H50: -11.2 | I50: 10.2 | J50: -17.3 | K50: -6.7 | L50: 47.8 | M50: 51.5 | N50: -3.7 | O50: 27 | P50: 24 | Q50: Loss | R50: -17.2 | S50: Loss | T50: Loss | U50: Loss | V50: Win
A51: 7 | B51: 2026-10-17 | C51: SEC | D51: Southern | E51: The Citadel | F51: Texas A&M | G51: -54.8 | J51: -24.2 | K51: -17.8 | L51: 56.7 | O51: 0 | P51: 41 | Q51: Win | R51: -30.9
A52: 7 | B52: 2026-10-17 | C52: SEC | D52: SEC | E52: Arkansas | F52: Vanderbilt | G52: -15.3 | H52: -6.2 | I52: 9.1 | J52: -11.2 | K52: -1 | L52: 50.5 | M52: 49.8 | N52: 0.8 | O52: 31 | P52: 21 | Q52: Loss | R52: -9.3 | S52: Loss | T52: Loss | U52: Loss | V52: Win
A54: Week 6
A55: Week | B55: Date | C55: Home Conf | D55: Away Conf | E55: Away Team | F55: Home Team | G55: Model Line (Home) | H55: Market Line (Home) | I55: Spread Edge (pts) | J55: Ridge Line (Home) | K55: Massey Line (Home) | L55: Model Total | M55: Market Total | N55: Total Edge (pts) | O55: Away Pts | P55: Home Pts | Q55: Model Result (SU) | R55: XGBoost Line (Home) | S55: Gamma ATS | T55: Ridge ATS | U55: XGBoost ATS | V55: Massey ATS
A56: 6 | B56: 2026-10-10 | C56: SEC | D56: SEC | E56: Georgia | F56: Alabama | G56: -0.2 | H56: -2 | I56: -1.8 | J56: 2.6 | K56: -5.1 | L56: 52.3 | M56: 51.2 | N56: 1 | O56: 20 | P56: 17 | Q56: Loss | R56: 1.6 | S56: Win | T56: Win | U56: Win | V56: Loss
A57: 6 | B57: 2026-10-10 | C57: SEC | D57: SEC | E57: Tennessee | F57: Arkansas | G57: 11.5 | H57: 13.5 | I57: 2 | J57: 14.4 | K57: 12.5 | L57: 52 | M57: 51.5 | N57: 0.5 | O57: 24 | P57: 17 | Q57: Win | R57: 17.2 | S57: Win | T57: Loss | U57: Loss | V57: Win
A58: 6 | B58: 2026-10-10 | C58: SEC | D58: SEC | E58: South Carolina | F58: Florida | G58: -10.5 | H58: -11.2 | I58: -0.7 | J58: -9.2 | K58: -9.1 | L58: 53.3 | M58: 59.5 | N58: -6.2 | O58: 38 | P58: 19 | Q58: Loss | R58: -9.4 | S58: Loss | T58: Win | U58: Win | V58: Win
A59: 6 | B59: 2026-10-10 | C59: SEC | D59: SEC | E59: LSU | F59: Kentucky | G59: 7.3 | H59: 9 | I59: 1.7 | J59: 6.8 | K59: 8.3 | L59: 47.2 | M59: 51.8 | N59: -4.6 | O59: 34 | P59: 35 | Q59: Loss | R59: 8.7 | S59: Win | T59: Win | U59: Loss | V59: Loss
A60: 6 | B60: 2026-10-10 | C60: SEC | D60: SEC | E60: Texas A&M | F60: Missouri | G60: -0.9 | H60: -3.5 | I60: -2.6 | J60: 0.2 | K60: -7.2 | L60: 46.4 | M60: 48.5 | N60: -2.1 | O60: 6 | P60: 27 | Q60: Win | R60: 0.9 | S60: Loss | T60: Loss | U60: Loss | V60: Win
A61: 6 | B61: 2026-10-10 | C61: SEC | D61: SEC | E61: Texas | F61: Oklahoma | G61: 8.6 | H61: 7.5 | I61: -1.1 | J61: 16.9 | K61: 10.9 | L61: 35.5 | M61: 39.2 | N61: -3.7 | O61: 24 | P61: 27 | Q61: Loss | R61: 13 | S61: Loss | T61: Loss | U61: Loss | V61: Loss
A62: 6 | B62: 2026-10-10 | C62: SEC | D62: SEC | E62: Ole Miss | F62: Vanderbilt | G62: 8.3 | H62: 9.2 | I62: 0.9 | J62: 5.2 | K62: 0.5 | L62: 54.4 | M62: 54.8 | N62: -0.3 | O62: 52 | P62: 17 | Q62: Win | R62: 10.6 | S62: Win | T62: Loss | U62: Win | V62: Loss
A64: Week 5
A65: Week | B65: Date | C65: Home Conf | D65: Away Conf | E65: Away Team | F65: Home Team | G65: Model Line (Home) | H65: Market Line (Home) | I65: Spread Edge (pts) | J65: Ridge Line (Home) | K65: Massey Line (Home) | L65: Model Total | M65: Market Total | N65: Total Edge (pts) | O65: Away Pts | P65: Home Pts | Q65: Model Result (SU) | R65: XGBoost Line (Home) | S65: Gamma ATS | T65: Ridge ATS | U65: XGBoost ATS | V65: Massey ATS
A66: 5 | B66: 2026-10-03 | C66: SEC | D66: SEC | E66: Vanderbilt | F66: Georgia | G66: -19.6 | H66: -25.5 | I66: -5.9 | J66: -20.6 | K66: -21.9 | L66: 48.9 | M66: 50.2 | N66: -1.4 | O66: 14 | P66: 38 | Q66: Win | R66: -16.3 | S66: Win | T66: Win | U66: Win | V66: Win
A67: 5 | B67: 2026-10-03 | C67: SEC | D67: Southland | E67: McNeese | F67: LSU | G67: -59.9 | H67: -53.2 | I67: 6.7 | J67: -39 | K67: -23 | L67: 57.7 | M67: 62 | N67: -4.3 | O67: 14 | P67: 63 | Q67: Win | R67: -41 | S67: Loss | T67: Win | U67: Win | V67: Win
A68: 5 | B68: 2026-10-03 | C68: SEC | D68: SEC | E68: Alabama | F68: Mississippi State | G68: 8.3 | H68: 5.5 | I68: -2.8 | J68: 12.2 | K68: 1.7 | L68: 55.3 | M68: 62 | N68: -6.7 | O68: 56 | P68: 23 | Q68: Win | R68: 19.1 | S68: Win | T68: Win | U68: Win | V68: Loss
A69: 5 | B69: 2026-10-03 | C69: SEC | D69: SEC | E69: Florida | F69: Missouri | G69: 0.6 | H69: 5.5 | I69: 4.9 | J69: 0.9 | K69: 6.6 | L69: 51 | M69: 57.8 | N69: -6.7 | O69: 17 | P69: 45 | Q69: Loss | R69: -0.2 | S69: Win | T69: Win | U69: Win | V69: Loss
A70: 5 | B70: 2026-10-03 | C70: SEC | D70: SEC | E70: Kentucky | F70: South Carolina | G70: -1.1 | H70: -2.5 | I70: -1.4 | J70: -4 | K70: -3.8 | L70: 51.8 | M70: 53 | N70: -1.2 | O70: 35 | P70: 34 | Q70: Loss | R70: -4.1 | S70: Win | T70: Loss | U70: Loss | V70: Loss
A71: 5 | B71: 2026-10-03 | C71: SEC | D71: SEC | E71: Auburn | F71: Tennessee | G71: -10 | H71: -6.2 | I71: 3.8 | J71: -14.1 | K71: -9.3 | L71: 48 | M71: 54.2 | N71: -6.3 | O71: 14 | P71: 24 | Q71: Win | R71: -13.8 | S71: Win | T71: Win | U71: Win | V71: Win
A72: 5 | B72: 2026-10-03 | C72: SEC | D72: SEC | E72: Arkansas | F72: Texas A&M | G72: -12.4 | H72: -13.8 | I72: -1.4 | J72: -17 | K72: -8.5 | L72: 48.9 | M72: 50.8 | N72: -1.8 | O72: 7 | P72: 34 | Q72: Win | R72: -13.3 | S72: Loss | T72: Win | U72: Win | V72: Loss

Sheet Sun Belt Slate
A1: Sun Belt Model ATS Record
A2: Metric | B2: Record (W-L-P) | C2: ATS %
A3: Rolling ATS (Season) | B3: 38-39-1 | C3: 0.494
A4: Weekly ATS (Wk 8) | B4: 2-4-0 | C4: 0.333
A5: Model pick W-L, straight-up (Wk 8) | B5: 2-4 | C5: 0.333
A7: Sun Belt Standings
A8: Team | B8: Conf W | C8: Conf L | D8: Conf Pct | E8: Overall W | F8: Overall L
A9: Louisiana Tech | B9: 3 | C9: 0 | D9: 1 | E9: 5 | F9: 2
A10: James Madison | B10: 4 | C10: 1 | D10: 0.8 | E10: 7 | F10: 1
A11: App State | B11: 2 | C11: 1 | D11: 0.667 | E11: 5 | F11: 2
A12: South Alabama | B12: 2 | C12: 1 | D12: 0.667 | E12: 4 | F12: 3
A13: Georgia Southern | B13: 2 | C13: 1 | D13: 0.667 | E13: 3 | F13: 4
A14: Louisiana | B14: 2 | C14: 2 | D14: 0.5 | E14: 5 | F14: 3
A15: Arkansas State | B15: 2 | C15: 2 | D15: 0.5 | E15: 4 | F15: 4
A16: Georgia State | B16: 1 | C16: 2 | D16: 0.333 | E16: 4 | F16: 3
A17: Marshall | B17: 1 | C17: 2 | D17: 0.333 | E17: 4 | F17: 3
A18: Troy | B18: 1 | C18: 2 | D18: 0.333 | E18: 3 | F18: 4
A19: Coastal Carolina | B19: 1 | C19: 2 | D19: 0.333 | E19: 2 | F19: 5
A20: Southern Miss | B20: 1 | C20: 2 | D20: 0.333 | E20: 2 | F20: 5
... A22: Old Dominion | B22: 1 | C22: 4 | D22: 0.2 | E22: 2 | F22: 6
A24: Week 9
A25: Week | B25: Date | C25: Home Conf | D25: Away Conf | E25: Away Team | F25: Home Team | G25: Model Line (Home) | H25: Market Line (Home) | I25: Spread Edge (pts) | J25: Ridge Line (Home) | K25: Massey Line (Home) | L25: Model Total | M25: Market Total | N25: Total Edge (pts) | O25: Away Pts | P25: Home Pts | Q25: Model Result (SU) | R25: XGBoost Line (Home) | S25: Gamma ATS | T25: Ridge ATS | U25: XGBoost ATS | V25: Massey ATS
A26: 9 | B26: 2026-10-29 | C26: Sun Belt | D26: Sun Belt | E26: Troy | F26: James Madison | G26: -21.2 | H26: -19.5 | I26: 1.7 | J26: -20.2 | K26: -22.9 | L26: 52.4 | M26: 52.5 | N26: -0.1 | R26: -22.4
A27: 9 | B27: 2026-10-31 | C27: Sun Belt | D27: Sun Belt | E27: App State | F27: Georgia Southern | G27: -7.7 | H27: -4.5 | I27: 3.2 | J27: 1.3 | K27: -2.8 | L27: 54.5 | M27: 54.5 | N27: 0 | R27: 0.4
A28: 9 | B28: 2026-10-31 | C28: Sun Belt | D28: Sun Belt | E28: Coastal Carolina | F28: Georgia State | G28: -5.6 | H28: -6.5 | I28: -0.9 | J28: -8.5 | K28: -9.3 | L28: 56.5 | M28: 59.5 | N28: -3 | R28: -8.4
A29: 9 | B29: 2026-10-31 | C29: Sun Belt | D29: Sun Belt | E29: Marshall | F29: Old Dominion | G29: -8.8 | H29: 3 | I29: 11.8 | J29: 6.8 | K29: -2.4 | L29: 50.1 | M29: 44.5 | N29: 5.6 | R29: 1.5
A30: 9 | B30: 2026-10-31 | C30: Sun Belt | D30: Sun Belt | E30: Louisiana Tech | F30: South Alabama | G30: 6.9 | H30: 5.5 | I30: -1.4 | J30: -3.1 | K30: 5.8 | L30: 56.3 | M30: 56.5 | N30: -0.2 | R30: -3.2
A31: 9 | B31: 2026-10-31 | C31: Sun Belt | D31: Sun Belt | E31: Southern Miss | F31: UL Monroe | G31: 6.3 | H31: 3 | I31: -3.3 | J31: 5.3 | K31: 4.3 | L31: 52.6 | M31: 53.5 | N31: -0.9 | R31: 8
A33: Week 8
A34: Week | B34: Date | C34: Home Conf | D34: Away Conf | E34: Away Team | F34: Home Team | G34: Model Line (Home) | H34: Market Line (Home) | I34: Spread Edge (pts) | J34: Ridge Line (Home) | K34: Massey Line (Home) | L34: Model Total | M34: Market Total | N34: Total Edge (pts) | O34: Away Pts | P34: Home Pts | Q34: Model Result (SU) | R34: XGBoost Line (Home) | S34: Gamma ATS | T34: Ridge ATS | U34: XGBoost ATS | V34: Massey ATS
A35: 8 | B35: 2026-10-20 | C35: Sun Belt | D35: Sun Belt | E35: South Alabama | F35: Marshall | G35: 0.8 | H35: 1.5 | I35: 0.7 | J35: -1.2 | K35: 7.4 | L35: 63.2 | M35: 66.2 | N35: -3.1 | O35: 13 | P35: 20 | Q35: Loss | R35: -2.7 | S35: Loss | T35: Win | U35: Win | V35: Loss
A36: 8 | B36: 2026-10-22 | C36: Sun Belt | D36: Sun Belt | E36: James Madison | F36: App State | G36: 16.8 | H36: 12.8 | I36: -4 | J36: 12.4 | K36: 13.6 | L36: 54.4 | M36: 56.5 | N36: -2.1 | O36: 31 | P36: 34 | Q36: Loss | R36: 11 | S36: Loss | T36: Loss | U36: Win | V36: Loss
A37: 8 | B37: 2026-10-24 | C37: Sun Belt | D37: Sun Belt | E37: Georgia State | F37: Arkansas State | G37: -3.4 | H37: 2.5 | I37: 5.9 | J37: -3.3 | K37: 5.5 | L37: 56 | M37: 57.8 | N37: -1.8 | O37: 32 | P37: 38 | Q37: Win | R37: -2.5 | S37: Win | T37: Win | U37: Win | V37: Loss
A38: 8 | B38: 2026-10-24 | C38: Sun Belt | D38: Sun Belt | E38: Old Dominion | F38: Louisiana Tech | G38: -2.3 | H38: -13.5 | I38: -11.2 | J38: -7.1 | K38: -16.2 | L38: 43.1 | M38: 45.2 | N38: -2.2 | O38: 0 | P38: 26 | Q38: Win | R38: -5.2 | S38: Loss | T38: Loss | U38: Loss | V38: Win
A39: 8 | B39: 2026-10-24 | C39: Sun Belt | D39: Sun Belt | E39: Louisiana | F39: Southern Miss | G39: 7.5 | H39: 9.8 | I39: 2.3 | J39: 14.3 | K39: 11.3 | L39: 52 | M39: 52.5 | N39: -0.5 | O39: 31 | P39: 35 | Q39: Loss | R39: 15.7 | S39: Win | T39: Loss | U39: Loss | V39: Loss
A40: 8 | B40: 2026-10-24 | C40: Sun Belt | D40: Sun Belt | E40: UL Monroe | F40: Troy | G40: -13.9 | H40: -12.2 | I40: 1.7 | J40: -21.4 | K40: -16.3 | L40: 50.4 | M40: 50.2 | N40: 0.1 | O40: 21 | P40: 14 | Q40: Loss | R40: -16.4 | S40: Loss | T40: Loss | U40: Loss | V40: Loss
A42: Week 7
A43: Week | B43: Date | C43: Home Conf | D43: Away Conf | E43: Away Team | F43: Home Team | G43: Model Line (Home) | H43: Market Line (Home) | I43: Spread Edge (pts) | J43: Ridge Line (Home) | K43: Massey Line (Home) | L43: Model Total | M43: Market Total | N43: Total Edge (pts) | O43: Away Pts | P43: Home Pts | Q43: Model Result (SU) | R43: XGBoost Line (Home) | S43: Gamma ATS | T43: Ridge ATS | U43: XGBoost ATS | V43: Massey ATS
A44: 7 | B44: 2026-10-15 | C44: Sun Belt | D44: Sun Belt | E44: Georgia Southern | F44: Old Dominion | G44: -12.2 | H44: 3.5 | I44: 15.7 | J44: -3.2 | K44: 5.5 | L44: 46.4 | M44: 46.8 | N44: -0.3 | O44: 23 | P44: 15 | Q44: Loss | R44: -4.3 | S44: Loss | T44: Loss | U44: Loss | V44: Win
A45: 7 | B45: 2026-10-17 | C45: Sun Belt | D45: Sun Belt | E45: App State | F45: Coastal Carolina | G45: -2.3 | H45: 1.2 | I45: 3.5 | J45: 4.3 | K45: -1 | L45: 53.4 | M45: 49.2 | N45: 4.2 | O45: 35 | P45: 32 | Q45: Loss | R45: 5.2 | S45: Loss | T45: Win | U45: Win | V45: Loss
A46: 7 | B46: 2026-10-17 | C46: Sun Belt | D46: Sun Belt | E46: Georgia State | F46: James Madison | G46: -18.3 | H46: -12 | I46: 6.3 | J46: -19.6 | K46: -7 | L46: 54.5 | M46: 57.8 | N46: -3.3 | O46: 22 | P46: 49 | Q46: Win | R46: -22.7 | S46: Win | T46: Win | U46: Win | V46: Loss
A47: 7 | B47: 2026-10-17 | C47: Sun Belt | D47: Sun Belt | E47: Troy | F47: Louisiana | G47: -4.2 | H47: -4 | I47: 0.2 | J47: -6.3 | K47: -4.6 | L47: 51 | M47: 49.2 | N47: 1.8 | O47: 6 | P47: 33 | Q47: Win | R47: -4.7 | S47: Win | T47: Win | U47: Win | V47: Win
A48: 7 | B48: 2026-10-17 | C48: Sun Belt | D48: Sun Belt | E48: Arkansas State | F48: Southern Miss | G48: 1.9 | H48: 7 | I48: 5.1 | J48: 3.8 | K48: 3 | L48: 57.9 | M48: 62.2 | N48: -4.4 | O48: 23 | P48: 13 | Q48: Win | R48: 2.3 | S48: Loss | T48: Loss | U48: Loss | V48: Loss
A49: 7 | B49: 2026-10-18 | C49: Sun Belt | D49: Sun Belt | E49: Louisiana Tech | F49: UL Monroe | G49: 16.2 | H49: 15.5 | I49: -0.7 | J49: 14.4 | K49: 17.6 | L49: 52.1 | M49: 57.5 | N49: -5.4 | O49: 24 | P49: 0 | Q49: Win | R49: 19.9 | S49: Win | T49: Loss | U49: Win | V49: Win
A51: Week 6
A52: Week | B52: Date | C52: Home Conf | D52: Away Conf | E52: Away Team | F52: Home Team | G52: Model Line (Home) | H52: Market Line (Home) | I52: Spread Edge (pts) | J52: Ridge Line (Home) | K52: Massey Line (Home) | L52: Model Total | M52: Market Total | N52: Total Edge (pts) | O52: Away Pts | P52: Home Pts | Q52: Model Result (SU) | R52: XGBoost Line (Home) | S52: Gamma ATS | T52: Ridge ATS | U52: XGBoost ATS | V52: Massey ATS
A53: 6 | B53: 2026-10-07 | C53: Sun Belt | D53: Sun Belt | E53: Southern Miss | F53: Troy | G53: -5.7 | H53: -9.5 | I53: -3.8 | J53: -10.4 | K53: -8.1 | L53: 49.5 | M53: 51.5 | N53: -2 | O53: 34 | P53: 55 | Q53: Win | R53: -8 | S53: Loss | T53: Win | U53: Loss | V53: Loss
A54: 6 | B54: 2026-10-08 | C54: Sun Belt | D54: Sun Belt | E54: South Alabama | F54: Arkansas State | G54: -4.3 | H54: -3 | I54: 1.3 | J54: -0.2 | K54: -3.3 | L54: 60.5 | M54: 60.2 | N54: 0.2 | O54: 56 | P54: 49 | Q54: Loss | R54: -0.6 | S54: Loss | T54: Win | U54: Win | V54: Loss
A55: 6 | B55: 2026-10-10 | C55: Sun Belt | D55: Sun Belt | E55: Old Dominion | F55: App State | G55: 6.8 | H55: -9.5 | I55: -16.3 | J55: -8.6 | K55: -13.4 | L55: 48.7 | M55: 47.8 | N55: 0.9 | O55: 10 | P55: 3 | Q55: Win | R55: -6.1 | S55: Win | T55: Loss | U55: Win | V55: Loss
A56: 6 | B56: 2026-10-10 | C56: Sun Belt | D56: Sun Belt | E56: James Madison | F56: Georgia Southern | G56: 13.9 | H56: 7.5 | I56: -6.4 | J56: 15.4 | K56: 12.1 | L56: 55.2 | M56: 51.8 | N56: 3.4 | O56: 27 | P56: 24 | Q56: Win | R56: 17 | S56: Loss | T56: Loss | U56: Loss | V56: Loss
A57: 6 | B57: 2026-10-10 | C57: Sun Belt | D57: Sun Belt | E57: Louisiana | F57: Louisiana Tech | G57: 2.9 | H57: -3 | I57: -5.9 | J57: 4.3 | K57: -6.6 | L57: 49.3 | M57: 46.8 | N57: 2.5 | O57: 31 | P57: 32 | Q57: Loss | R57: 6.6 | S57: Win | T57: Win | U57: Win | V57: Loss
A58: 6 | B58: 2026-10-10 | C58: Sun Belt | D58: Sun Belt | E58: Coastal Carolina | F58: Marshall | G58: -4 | H58: -4 | I58: 0 | J58: -15.7 | K58: 3.4 | L58: 60.7 | M58: 58.8 | N58: 2 | O58: 27 | P58: 21 | Q58: Loss | R58: -13.8 | S58: Loss | T58: Loss | U58: Loss | V58: Win
A60: Week 5
A61: Week | B61: Date | C61: Home Conf | D61: Away Conf | E61: Away Team | F61: Home Team | G61: Model Line (Home) | H61: Market Line (Home) | I61: Spread Edge (pts) | J61: Ridge Line (Home) | K61: Massey Line (Home) | L61: Model Total | M61: Market Total | N61: Total Edge (pts) | O61: Away Pts | P61: Home Pts | Q61: Model Result (SU) | R61: XGBoost Line (Home) | S61: Gamma ATS | T61: Ridge ATS | U61: XGBoost ATS | V61: Massey ATS
A62: 5 | B62: 2026-10-03 | C62: Sun Belt | D62: Sun Belt | E62: Georgia Southern | F62: Coastal Carolina | G62: 0.5 | H62: 2.2 | I62: 1.7 | J62: 0.4 | K62: -2.4 | L62: 55.6 | M62: 53.5 | N62: 2.1 | O62: 31 | P62: 24 | Q62: Win | R62: 1.8 | S62: Loss | T62: Loss | U62: Win | V62: Loss
A63: 5 | B63: 2026-10-03 | C63: Sun Belt | D63: Sun Belt | E63: Old Dominion | F63: Georgia State | G63: 11.3 | H63: -2 | I63: -13.3 | J63: -0.2 | K63: -16.4 | L63: 48.5 | M63: 51.5 | N63: -3 | O63: 10 | P63: 42 | Q63: Loss | R63: 0.2 | S63: Loss | T63: Loss | U63: Loss | V63: Win
A64: 5 | B64: 2026-10-03 | C64: Sun Belt | D64: Sun Belt | E64: Marshall | F64: James Madison | G64: -20.8 | H64: -16.2 | I64: 4.6 | J64: -12.3 | K64: -25.1 | L64: 56.1 | M64: 55.8 | N64: 0.4 | O64: 17 | P64: 45 | Q64: Win | R64: -15.6 | S64: Win | T64: Loss | U64: Win | V64: Win
A65: 5 | B65: 2026-10-03 | C65: Sun Belt | D65: American Athletic | E65: Army | F65: Louisiana Tech | G65: 9.2 | H65: -0.2 | I65: -9.4 | J65: -8.1 | K65: -0.1 | L65: 53.3 | M65: 46.8 | N65: 6.5 | O65: 29 | P65: 31 | Q65: Loss | R65: -5.4 | S65: Loss | T65: Win | U65: Win | V65: Win
A66: 5 | B66: 2026-10-03 | C66: Sun Belt | D66: Sun Belt | E66: UL Monroe | F66: South Alabama | G66: -14.4 | H66: -13.2 | I66: 1.2 | J66: -21 | K66: -16.8 | L66: 56.6 | M66: 57 | N66: -0.4 | O66: 35 | P66: 52 | Q66: Win | R66: -21.5 | S66: Win | T66: Win | U66: Win | V66: Win
A67: 5 | B67: 2026-10-04 | C67: Sun Belt | D67: Sun Belt | E67: Arkansas State | F67: Louisiana | G67: -6.1 | H67: -5.2 | I67: 0.9 | J67: -7.4 | K67: -9.3 | L67: 51.4 | M67: 49 | N67: 2.4 | O67: 20 | P67: 23 | Q67: Win | R67: -6.1 | S67: Loss | T67: Loss | U67: Loss | V67: Loss

Sheet CLV
A1: Closing Line Value -- Dub Gamma picks
A2: CLV (pts) = entry line - closing line for a Home pick, closing - entry for an Away pick. Positive = you got a better number than the close. 'logged' = the market line when the workflow first saw the game; 'open' = the market's opening line. Refreshed on every pipeline run.
A4: Logged entry (live)
A5: Slice | B5: Games | C5: Avg CLV (pts) | D5: % Positive | E5: % Negative | F5: % Unchanged
A6: All picks | B6: 0
A7: Real edge (>= 2 pts) | B7: 0
A9: Opening line
A10: Slice | B10: Games | C10: Avg CLV (pts) | D10: % Positive | E10: % Negative | F10: % Unchanged
A11: All picks | B11: 393 | C11: 0.194 | D11: 0.489 | E11: 0.407 | F11: 0.104
A12: Real edge (>= 2 pts) | B12: 287 | C12: 0.319 | D12: 0.502 | E12: 0.401 | F12: 0.098
A15: Basis | B15: Season | C15: Week | D15: Away | E15: Home | F15: Gamma Lean | G15: Gamma Line (Home) | H15: Entry Line (Home) | I15: Close Line (Home) | J15: Edge (pts) | K15: Real Edge | L15: CLV (pts) | M15: Result vs Entry
A16: open | B16: 2026 | C16: 8 | D16: Texas A&M | E16: Alabama | F16: Home | G16: -8.78 | H16: -8.5 | I16: -13.25 | J16: 0.28 | L16: 4.75 | M16: Win
A17: open | B17: 2026 | C17: 8 | D17: LSU | E17: Auburn | F17: Home | G17: 2.48 | H17: 6.75 | I17: 7 | J17: 4.27 | K17: Yes | L17: -0.25 | M17: Loss
A18: open | B18: 2026 | C18: 8 | D18: Vanderbilt | E18: Kentucky | F18: Away | G18: -1.79 | H18: -10 | I18: -10 | J18: -8.21 | K18: Yes | L18: 0 | M18: Loss
A19: open | B19: 2026 | C19: 8 | D19: Oklahoma | E19: Mississippi State | F19: Away | G19: 10.28 | H19: 2 | I19: 1.5 | J19: -8.28 | K19: Yes | L19: -0.5 | M19: Win
A20: open | B20: 2026 | C20: 8 | D20: Tennessee | E20: South Carolina | F20: Away | G20: 7.68 | H20: 1.75 | I20: -2.5 | J20: -5.93 | K20: Yes | L20: -4.25 | M20: Loss
A21: open | B21: 2026 | C21: 8 | D21: Ole Miss | E21: Texas | F21: Away | G21: -0.37 | H21: -6 | I21: -3 | J21: -5.63 | K21: Yes | L21: 3 | M21: Loss
A22: open | B22: 2026 | C22: 8 | D22: Baylor | E22: Kansas | F22: Away | G22: 3.08 | H22: 1.5 | I22: -1.5 | J22: -1.58 | L22: -3 | M22: Loss
A23: open | B23: 2026 | C23: 8 | D23: BYU | E23: UCF | F23: Away | G23: 10.59 | H23: 8 | I23: 7.5 | J23: -2.59 | K23: Yes | L23: -0.5 | M23: Loss
A24: open | B24: 2026 | C24: 8 | D24: Colorado | E24: Oklahoma State | F24: Away | G24: -1.54 | H24: -14 | I24: -13 | J24: -12.46 | K24: Yes | L24: 1 | M24: Loss
A25: open | B25: 2026 | C25: 8 | D25: Houston | E25: Utah | F25: Home | G25: -14.13 | H25: -6.5 | I25: -6.5 | J25: 7.63 | K25: Yes | L25: 0 | M25: Win
A26: open | B26: 2026 | C26: 8 | D26: Iowa State | E26: Arizona | F26: Away | G26: -7.46 | H26: -9.75 | I26: -12 | J26: -2.29 | K26: Yes | L26: -2.25 | M26: Loss
A27: open | B27: 2026 | C27: 8 | D27: Kansas State | E27: Arizona State | F27: Home | G27: 0.39 | H27: 3.25 | I27: 1.5 | J27: 2.86 | K27: Yes | L27: 1.75 | M27: Win
A28: open | B28: 2026 | C28: 8 | D28: Texas Tech | E28: Cincinnati | F28: Away | G28: 13.72 | H28: 10.75 | I28: 10.75 | J28: -2.97 | K28: Yes | L28: 0 | M28: Loss
A29: open | B29: 2026 | C29: 8 | D29: West Virginia | E29: TCU | F29: Home | G29: -14.98 | H29: -7.25 | I29: -10 | J29: 7.73 | K29: Yes | L29: 2.75 | M29: Loss
A30: open | B30: 2026 | C30: 8 | D30: California | E30: SMU | F30: Home | G30: -20.81 | H30: -18 | I30: -18.5 | J30: 2.81 | K30: Yes | L30: 0.5 | M30: Win
A31: open | B31: 2026 | C31: 8 | D31: Duke | E31: Virginia | F31: Away | G31: 1.1 | H31: -3.75 | I31: -2.5 | J31: -4.85 | K31: Yes | L31: 1.25 | M31: Win
A32: open | B32: 2026 | C32: 8 | D32: NC State | E32: Stanford | F32: Home | G32: 0.58 | H32: 7.25 | I32: 7.5 | J32: 6.67 | K32: Yes | L32: -0.25 | M32: Win
A33: open | B33: 2026 | C33: 8 | D33: Boston College | E33: Georgia Tech | F33: Home | G33: -9.39 | H33: -4.75 | I33: -6.5 | J33: 4.64 | K33: Yes | L33: 1.75 | M33: Loss
A34: open | B34: 2026 | C34: 8 | D34: Pittsburgh | E34: Miami | F34: Home | G34: -22.95 | H34: -22.25 | I34: -20.5 | J34: 0.7 | L34: -1.75 | M34: Win
A35: open | B35: 2026 | C35: 8 | D35: Syracuse | E35: North Carolina | F35: Home | G35: -11.23 | H35: -9.25 | I35: -8.25 | J35: 1.98 | L35: -1 | M35: Loss
A36: open | B36: 2026 | C36: 8 | D36: Virginia Tech | E36: Clemson | F36: Home | G36: -3.15 | H36: -0.75 | I36: -3 | J36: 2.4 | K36: Yes | L36: 2.25 | M36: Loss
A37: open | B37: 2026 | C37: 8 | D37: Oregon | E37: Illinois | F37: Home | G37: 6.49 | H37: 11.25 | I37: 10.25 | J37: 4.76 | K37: Yes | L37: 1 | M37: Win
A38: open | B38: 2026 | C38: 8 | D38: Indiana | E38: Michigan | F38: Away | G38: 13.45 | H38: 6.5 | I38: 7.5 | J38: -6.95 | K38: Yes | L38: 1 | M38: Win
A39: open | B39: 2026 | C39: 8 | D39: Iowa | E39: Minnesota | F39: Away | G39: 8.86 | H39: 5.75 | I39: 7.75 | J39: -3.11 | K39: Yes | L39: 2 | M39: Loss
A40: open | B40: 2026 | C40: 8 | D40: Rutgers | E40: Northwestern | F40: Home | G40: -18.5 | H40: -16.5 | I40: -15.5 | J40: 2 | L40: -1 | M40: Win
A41: open | B41: 2026 | C41: 8 | D41: Michigan State | E41: UCLA | F41: Away | G41: -9.5 | H41: -13.75 | I41: -16.5 | J41: -4.25 | K41: Yes | L41: -2.75 | M41: Loss
A42: open | B42: 2026 | C42: 8 | D42: USC | E42: Wisconsin | F42: Away | G42: 2.11 | H42: 2 | I42: 2 | J42: -0.11 | L42: 0 | M42: Loss
A43: open | B43: 2026 | C43: 8 | D43: San Diego State | E43: Colorado State | F43: Away | G43: 8.98 | H43: 2.75 | I43: 0.25 | J43: -6.23 | K43: Yes | L43: -2.5 | M43: Loss
A44: open | B44: 2026 | C44: 8 | D44: Utah State | E44: Texas State | F44: Away | G44: -0.25 | H44: -10.5 | I44: -14.25 | J44: -10.25 | K44: Yes | L44: -3.75 | M44: Win
A45: open | B45: 2026 | C45: 8 | D45: Boise State | E45: Washington State | F45: Home | G45: 8.15 | H45: 13.25 | I45: 14.75 | J45: 5.1 | K45: Yes | L45: -1.5 | M45: Loss
A46: open | B46: 2026 | C46: 8 | D46: Massachusetts | E46: UConn | F46: Home | G46: -15.26 | H46: -15.75 | I46: -12.75 | J46: -0.49 | L46: -3 | M46: Win
A47: open | B47: 2026 | C47: 8 | D47: East Carolina | E47: Memphis | F47: Away | G47: -5.78 | H47: -9.75 | I47: -10.5 | J47: -3.97 | K47: Yes | L47: -0.75 | M47: Win
A48: open | B48: 2026 | C48: 8 | D48: Army | E48: Tulsa | F48: Away | G48: 3.21 | H48: -1.25 | I48: 1.5 | J48: -4.46 | K48: Yes | L48: 2.75 | M48: Win
A49: open | B49: 2026 | C49: 8 | D49: Rice | E49: Florida Atlantic | F49: Away | G49: -9.05 | H49: -10.25 | I49: -9.5 | J49: -1.2 | L49: 0.75 | M49: Win
A50: open | B50: 2026 | C50: 8 | D50: North Texas | E50: Navy | F50: Home | G50: -5.85 | H50: 1.75 | I50: 3 | J50: 7.6 | K50: Yes | L50: -1.25 | M50: Loss
A51: open | B51: 2026 | C51: 8 | D51: UTSA | E51: Tulane | F51: Home | G51: -1.43 | H51: 3.25 | I51: 3 | J51: 4.68 | K51: Yes | L51: 0.25 | M51: Loss
A52: open | B52: 2026 | C52: 8 | D52: Air Force | E52: Wyoming | F52: Away | G52: 5.28 | H52: 6 | I52: 7 | J52: 0.72 | L52: 1 | M52: Loss
A53: open | B53: 2026 | C53: 8 | D53: Hawai'i | E53: Northern Illinois | F53: Away | G53: 5.25 | H53: 6 | I53: 3 | J53: 0.75 | L53: -3 | M53: Win
A54: open | B54: 2026 | C54: 8 | D54: North Dakota State | E54: New Mexico | F54: Away | G54: 2.87 | H54: -3.75 | I54: -4.75 | J54: -6.62 | K54: Yes | L54: -1 | M54: Loss
A55: open | B55: 2026 | C55: 8 | D55: San José State | E55: Nevada | F55: Home | G55: -10.29 | H55: -5.25 | I55: -5.75 | J55: 5.04 | K55: Yes | L55: 0.5 | M55: Win
A56: open | B56: 2026 | C56: 8 | D56: Akron | E56: Kent State | F56: Home | G56: -6.9 | H56: -3.25 | I56: -3 | J56: 3.65 | K56: Yes | L56: -0.25 | M56: Win
A57: open | B57: 2026 | C57: 8 | D57: Sacramento State | E57: Ball State | F57: Away | G57: -9.34 | H57: -10.5 | I57: -14.5 | J57: -1.16 | L57: -4 | M57: Loss
A58: open | B58: 2026 | C58: 8 | D58: Bowling Green | E58: Buffalo | F58: Home | G58: -6.11 | H58: -4.5 | I58: -3 | J58: 1.61 | L58: -1.5 | M58: Win
A59: open | B59: 2026 | C59: 8 | D59: Eastern Michigan | E59: Ohio | F59: Home | G59: -15.78 | H59: -10.25 | I59: -11.5 | J59: 5.53 | K59: Yes | L59: 1.25 | M59: Loss
A60: open | B60: 2026 | C60: 8 | D60: Western Michigan | E60: Toledo | F60: Away | G60: 1.08 | H60: -2.5 | I60: -2.5 | J60: -3.58 | K60: Yes | L60: 0 | M60: Loss
A61: open | B61: 2026 | C61: 8 | D61: Miami (OH) | E61: Central Michigan | F61: Home | G61: -5.36 | H61: 0 | I61: 3.5 | J61: 5.36 | K61: Yes | L61: -3.5 | M61: Loss
A62: open | B62: 2026 | C62: 8 | D62: James Madison | E62: App State | F62: Away | G62: 16.85 | H62: 10.75 | I62: 12.75 | J62: -6.1 | K62: Yes | L62: 2 | M62: Loss
A63: open | B63: 2026 | C63: 8 | D63: Georgia State | E63: Arkansas State | F63: Home | G63: -3.42 | H63: 2 | I63: 2.5 | J63: 5.42 | K63: Yes | L63: -0.5 | M63: Win
A64: open | B64: 2026 | C64: 8 | D64: Louisiana | E64: Southern Miss | F64: Home | G64: 7.49 | H64: 10.25 | I64: 11.5 | J64: 2.76 | K64: Yes | L64: -1.25 | M64: Win
A65: open | B65: 2026 | C65: 8 | D65: Middle Tennessee | E65: Florida International | F65: Home | G65: -12.56 | H65: -10.25 | I65: -10.25 | J65: 2.31 | K65: Yes | L65: 0 | M65: Loss
A66: open | B66: 2026 | C66: 8 | D66: Liberty | E66: Kennesaw State | F66: Home | G66: 4.77 | H66: 9.5 | I66: 8.5 | J66: 4.73 | K66: Yes | L66: 1 | M66: Loss
A67: open | B67: 2026 | C67: 8 | D67: Missouri State | E67: Delaware | F67: Home | G67: -8.24 | H67: -3 | I67: -3 | J67: 5.24 | K67: Yes | L67: 0 | M67: Win
A68: open | B68: 2026 | C68: 8 | D68: New Mexico State | E68: Sam Houston | F68: Away | G68: 4.06 | H68: 2.75 | I68: 3 | J68: -1.31 | L68: 0.25 | M68: Win
A69: open | B69: 2026 | C69: 8 | D69: South Alabama | E69: Marshall | F69: Home | G69: 0.8 | H69: 3 | I69: 1.5 | J69: 2.2 | K69: Yes | L69: 1.5 | M69: Win
A70: open | B70: 2026 | C70: 8 | D70: Old Dominion | E70: Louisiana Tech | F70: Away | G70: -2.27 | H70: -9.5 | I70: -13.5 | J70: -7.23 | K70: Yes | L70: -4 | M70: Loss
A71: open | B71: 2026 | C71: 8 | D71: UL Monroe | E71: Troy | F71: Away | G71: -13.86 | H71: -17.25 | I71: -13.5 | J71: -3.39 | K71: Yes | L71: 3.75 | M71: Win
A72: open | B72: 2026 | C72: 7 | D72: Auburn | E72: Georgia | F72: Home | G72: -18.97 | H72: -17.5 | I72: -19.5 | J72: 1.47 | L72: 2 | M72: Loss
A73: open | B73: 2026 | C73: 7 | D73: Mississippi State | E73: LSU | F73: Home | G73: -17.09 | H73: -11.5 | I73: -17.75 | J73: 5.59 | K73: Yes | L73: 6.25 | M73: Win
A74: open | B74: 2026 | C74: 7 | D74: Missouri | E74: Ole Miss | F74: Home | G74: -6.87 | H74: -6 | I74: -4.5 | J74: 0.87 | L74: -1.5 | M74: Win
A75: open | B75: 2026 | C75: 7 | D75: Kentucky | E75: Oklahoma | F75: Home | G75: -10.33 | H75: -6.75 | I75: -6.75 | J75: 3.58 | K75: Yes | L75: 0 | M75: Loss
A76: open | B76: 2026 | C76: 7 | D76: Alabama | E76: Tennessee | F76: Away | G76: 3.44 | H76: 4.25 | I76: 7.75 | J76: 0.81 | L76: 3.5 | M76: Loss
A77: open | B77: 2026 | C77: 7 | D77: Florida | E77: Texas | F77: Home | G77: -21.36 | H77: -9.75 | I77: -13 | J77: 11.61 | K77: Yes | L77: 3.25 | M77: Loss
A78: open | B78: 2026 | C78: 7 | D78: Arkansas | E78: Vanderbilt | F78: Home | G78: -15.32 | H78: -6.5 | I78: -5.75 | J78: 8.82 | K78: Yes | L78: -0.75 | M78: Loss
A79: open | B79: 2026 | C79: 7 | D79: Notre Dame | E79: BYU | F79: Home | G79: 6.2 | H79: 10.5 | I79: 10.5 | J79: 4.3 | K79: Yes | L79: 0 | M79: Win
A80: open | B80: 2026 | C80: 7 | D80: Arizona State | E80: Texas Tech | F80: Home | G80: -18.42 | H80: -13.25 | I80: -16 | J80: 5.17 | K80: Yes | L80: 2.75 | M80: Win
A81: open | B81: 2026 | C81: 7 | D81: Cincinnati | E81: West Virginia | F81: Away | G81: 3.72 | H81: -1.5 | I81: -1.5 | J81: -5.22 | K81: Yes | L81: 0 | M81: Loss
A82: open | B82: 2026 | C82: 7 | D82: Kansas | E82: Kansas State | F82: Home | G82: -6.55 | H82: -7 | I82: -3.25 | J82: -0.45 | L82: -3.75 | M82: Win
A83: open | B83: 2026 | C83: 7 | D83: Oklahoma State | E83: Houston | F83: Home | G83: -15.75 | H83: -3.75 | I83: -4.25 | J83: 12 | K83: Yes | L83: 0.5 | M83: Loss
A84: open | B84: 2026 | C84: 7 | D84: TCU | E84: Baylor | F84: Away | G84: -3.63 | H84: -6.5 | I84: -4.5 | J84: -2.87 | K84: Yes | L84: 2 | M84: Win
A85: open | B85: 2026 | C85: 7 | D85: Utah | E85: Colorado | F85: Away | G85: 20.8 | H85: 16.5 | I85: 15.25 | J85: -4.3 | K85: Yes | L85: -1.25 | M85: Loss
A86: open | B86: 2026 | C86: 7 | D86: Florida State | E86: Miami | F86: Home | G86: -21.83 | H86: -18.75 | I86: -20.25 | J86: 3.08 | K86: Yes | L86: 1.5 | M86: Loss
A87: open | B87: 2026 | C87: 7 | D87: Georgia Tech | E87: Virginia Tech | F87: Away | G87: -2.17 | H87: -9.75 | I87: -8.5 | J87: -7.58 | K87: Yes | L87: 1.25 | M87: Loss
A88: open | B88: 2026 | C88: 7 | D88: Louisville | E88: Syracuse | F88: Away | G88: 18.45 | H88: 11.75 | I88: 14.5 | J88: -6.7 | K88: Yes | L88: 2.75 | M88: Loss
A89: open | B89: 2026 | C89: 7 | D89: North Carolina | E89: Duke | F89: Home | G89: -13.09 | H89: -4 | I89: -3 | J89: 9.09 | K89: Yes | L89: -1 | M89: Loss
A90: open | B90: 2026 | C90: 7 | D90: Pittsburgh | E90: Boston College | F90: Away | G90: 7.68 | H90: 6.5 | I90: 6.5 | J90: -1.18 | L90: 0 | M90: Loss
